"","Dates","KOR","AUS","ISL","GBR","DNK","ESP","JPN","NOR","CAN","FIN","NLD","USA","MEX","BEL","DEU","LUX","PRT","ITA","AUT","IRL","CHE","SWE","FRA","GRC"
"1",1985-01-01,-26.6882415806967,-24.5649793326591,-1.58768395586262,-30.2887733511052,-1.58768395586262,-23.2754549595385,-15.33435170628,-1.58768395586262,100.404535929362,-1.58768395586262,-18.1278491608542,94.2744954427086,-31.3027742886056,-1.58768395586262,-25.2230720366645,-1.58768395586262,-1.58768395586262,-16.1114277844066,-1.58768395586262,57.3723783429961,-1.58768395586262,112.630088846667,-42.9448887945986,-25.7127753548285
"2",1985-04-01,11.5650075860185,10.6449190919372,-0.916505767042996,13.1252519023242,-0.916505767042996,10.0861202249379,6.64494486358643,-0.916505767042996,64.0395317077637,-0.916505767042996,7.85547119803928,100.80989074707,13.5646562182272,-0.916505767042996,10.9300951343944,-0.916505767042996,-0.916505767042996,6.98168082692347,-0.916505767042996,138.935971858612,-0.916505767042996,115.118709966667,18.6096173923081,11.1423017937331
"3",1985-07-01,24.410231186836,22.4682028149718,-0.690972825618324,27.7034347740963,-0.690972825618324,21.2887475116407,14.0254676996512,-0.690972825618324,81.8068949381511,-0.690972825618324,16.5805224596213,111.282193501791,28.6308843114969,-0.690972825618324,23.0701231400172,-0.690972825618324,-0.690972825618324,14.7362154145006,-0.690972825618324,98.1996381046522,-0.690972825618324,134.803476133333,39.2792706330767,23.5180271794496
"4",1985-10-01,-6.5104283903929,-5.99247194211674,-1.23367985219346,-7.38875543144956,-1.23367985219346,-5.67790059565005,-3.74071848813911,-1.23367985219346,72.0799115498861,-1.23367985219346,-4.42217459238481,94.1251500447591,-7.63611457166966,-1.23367985219346,-6.15300951109492,-1.23367985219346,-1.23367985219346,-3.93028130160636,-1.23367985219346,123.067058250708,-1.23367985219346,107.912743166667,-10.4761350569025,-6.27246955029623
"5",1986-01-01,7.72655110063204,7.11184240167559,-0.984412601118959,8.76894621794962,-0.984412601118959,6.73851035076844,4.43947015749937,-0.984412601118959,91.6602681477865,-0.984412601118959,5.24821961246023,127.806688944499,9.06251108380995,-0.984412601118959,7.30236776435549,-0.984412601118959,-0.984412601118959,4.66444256748634,-0.984412601118959,96.354724673601,-0.984412601118959,109.592002933333,12.4330363534488,7.44414247440905
"6",1986-04-01,10.1764010551691,9.36678727390902,-0.941125222326428,11.5493073666159,-0.941125222326428,8.87508319698015,5.84708859189099,-0.941125222326428,73.6902465820312,-0.941125222326428,6.91226744072536,116.638605753581,11.9359525556262,-0.941125222326428,9.61772232585653,-0.941125222326428,-0.941125222326428,6.14339278253927,-0.941125222326428,103.593943630939,-0.941125222326428,118.963933166667,16.3751669559065,9.80444940372021
"7",1986-07-01,5.694426108838,5.24138914330481,-1.0197712307574,6.46266563698826,-1.0197712307574,4.96624545367364,3.27186534393121,-1.0197712307574,99.0726470947265,-1.0197712307574,3.86790929055844,125.005958557129,6.67902134537876,-1.0197712307574,5.38180529865147,-1.0197712307574,-1.0197712307574,3.43766878566257,-1.0197712307574,50.8042459280598,-1.0197712307574,128.02984524,9.16308012476867,5.48629248834157
"8",1986-10-01,-15.6425085426061,-14.3980223612031,-1.39391070891664,-17.7528517364895,-1.39391070891664,-13.642206510187,-8.98776814633997,-1.39391070891664,73.2343495686849,-1.39391070891664,-10.6250924962713,92.7096964518229,-18.3471778287163,-1.39391070891664,-14.7837435677916,-1.39391070891664,-1.39391070891664,-9.4432278720621,-1.39391070891664,103.350122871142,-1.39391070891664,109.23427658,-25.1708524070262,-15.0707684103448
"9",1987-01-01,-34.885555903178,-32.1101319912257,-1.3125021471634,-39.5919938293321,-1.3125021471634,-30.4245291960402,84.0844082504657,-1.3125021471634,59.528263092041,-1.3125021471634,-23.6958322410707,95.4863255818685,-40.9174459496632,-1.3125021471634,-32.9703583851467,-1.3125021471634,-1.3125021471634,-21.0600654581702,-1.3125021471634,110.432018811924,-1.3125021471634,98.7190782833333,75.9633102416992,-33.6104744613642
"10",1987-04-01,-51.0530956040342,-46.9914150990172,-1.5822004979294,-57.9407090927018,-1.5822004979294,-44.5246279596098,84.7217438597132,-1.5822004979294,74.8272069295247,-1.5822004979294,-34.6775494183921,91.2300872802735,-59.880435494243,-1.5822004979294,-48.2503091940934,-1.5822004979294,-1.5822004979294,-30.8202494535922,-1.5822004979294,65.2576282400083,-1.5822004979294,96.1168311666667,74.5055236816406,-49.1870839248017
"11",1987-07-01,-86.088865360885,-79.2398102350736,-2.14785159038863,-97.7031822454592,-2.14785159038863,-75.0801622567124,56.0896961948978,-2.14785159038863,50.0229956309001,-2.14785159038863,-58.4754136375913,64.683053334554,-100.974068036879,-2.14785159038863,-81.3626347763158,-2.14785159038863,-2.14785159038863,-51.9709975312354,-2.14785159038863,48.4066290262222,-2.14785159038863,102.195770006667,43.6201756795247,-82.9422818615958
"12",1987-10-01,32.85687865852,30.2428521842375,-0.195752505394815,37.2896261337986,-0.195752505394815,28.6552711618342,100.391189498808,-0.195752505394815,126.701690673828,-0.195752505394815,22.3178637834629,167.478576660156,38.5380000913834,-0.195752505394815,31.0530543871883,-0.195752505394815,-0.195752505394815,19.8353730472316,-0.195752505394815,114.396432939287,-0.195752505394815,110.796572133333,123.149248758952,31.6559462058544
"13",1988-01-01,-24.73294420709,-22.7652414433486,-1.12820904172371,-28.069685263038,-1.12820904172371,-21.5701932691316,56.8637458469865,-1.12820904172371,73.1697578430176,-1.12820904172371,-16.7997235986592,109.086456298828,-29.0093960542979,-1.12820904172371,-23.375119395856,-1.12820904172371,-1.12820904172371,-14.9310340766889,-1.12820904172371,118.815121590674,-1.12820904172371,110.907627133333,91.9270299275716,-23.828944905849
"14",1988-04-01,-55.4991958690532,-51.0837926650279,-1.63860453917004,-62.9866362594002,-1.63860453917004,-48.4021785337506,53.2987280360938,-1.63860453917004,50.8727277119955,-1.63860453917004,-37.6975398780331,95.0900700887045,-65.0952891083177,-1.63860453917004,-52.4523210399363,-1.63860453917004,-1.63860453917004,-33.504316259773,-1.63860453917004,103.814858235503,-1.63860453917004,94.22074592,82.8960266113281,-53.4706773932512
"15",1988-07-01,-44.9164548484137,-41.3429930072895,-1.46538435164946,-50.9761692813347,-1.46538435164946,-39.172716516571,60.2007272906283,-1.46538435164946,67.1557350158692,-1.46538435164946,-30.5092681310742,87.027463277181,-52.6827383405127,-1.46538435164946,-42.4505665855694,-1.46538435164946,-1.46538435164946,-27.1156200543838,-1.46538435164946,66.0227186822034,-1.46538435164946,122.739410833333,76.3870391845703,-43.2747399172189
"16",1988-10-01,-52.3028446595688,-48.1417366601956,-1.59156357103432,-59.3590627813248,-1.59156357103432,-45.6145640561812,64.5794407582154,-1.59156357103432,80.8375765482586,-1.59156357103432,-35.5264349584584,92.771967569987,-61.3462725178066,-1.59156357103432,-49.4314477250897,-1.59156357103432,-1.59156357103432,-31.5747106119264,-1.59156357103432,75.6726920094667,-1.59156357103432,98.5740351566667,80.1768137613931,-50.3911541374346
"17",1989-01-01,-59.2846131593258,-54.5680498507204,-1.71153890307119,-67.2827471889173,-1.71153890307119,-51.7035316549891,72.9350791949374,-1.71153890307119,52.5001004536947,-1.71153890307119,-40.2687648664409,70.4334348042806,-69.5352243010243,-1.71153890307119,-56.0299210370242,-1.71153890307119,-1.71153890307119,-35.7895352811036,-1.71153890307119,90.1772582054879,-1.71153890307119,101.40518533,58.7620391845703,-57.1177361218961
"18",1989-04-01,-38.8127654700961,-35.7249007482704,-1.37813769732238,-44.0490263436326,-1.37813769732238,-33.8495427592261,85.189792781684,-1.37813769732238,71.05455271403,-1.37813769732238,-26.3633688952519,90.6396687825521,-45.5236900248144,-1.37813769732238,-36.6819663421542,-1.37813769732238,-1.37813769732238,-23.4308830761205,-1.37813769732238,95.3163273270418,-1.37813769732238,101.083101633333,68.2443656921386,-37.3941429005218
"19",1989-07-01,-60.5460899882566,-55.7291661474841,-1.73915544783044,-68.714410854117,-1.73915544783044,-52.8036958237486,82.6094352339658,-1.73915544783044,63.370480855306,-1.73915544783044,-41.1256164355345,78.687126159668,-71.0148168896528,-1.73915544783044,-57.2221434932132,-1.73915544783044,-1.73915544783044,-36.5510763803763,-1.73915544783044,54.8735035379879,-1.73915544783044,98.05784493,79.4014027913411,-58.3331054529756
"20",1989-10-01,-39.2993200988286,-36.1727460798141,-1.37738403396533,-44.6012224419799,-1.37738403396533,-34.2738787092803,68.5248660928634,-1.37738403396533,69.9251454671224,-1.37738403396533,-26.6938585939273,95.0979080200198,-46.0943724235119,-1.37738403396533,-37.1418093937538,-1.37738403396533,-1.37738403396533,-23.7246112987272,-1.37738403396533,80.3373456082949,-1.37738403396533,110.752501866667,89.1874364217122,-37.8629137571039
"21",1990-01-01,101.737813313802,-1.26454221644549,-0.6193317974686,-1.55918847185432,-0.6193317974686,-1.19816080464522,95.2511346707642,-0.6193317974686,86.7393569946289,-0.6193317974686,-0.933175242967921,102.409726460775,-1.61138664290183,-0.6193317974686,-1.29841914323954,-0.6193317974686,-0.6193317974686,-0.829375035276682,-0.6193317974686,87.9317672225419,-0.6193317974686,130.1792439,108.061330159505,-1.32362781575523
"22",1990-04-01,68.512841542562,-24.6762506067455,-1.01868709110299,-30.4259715288709,-1.01868709110299,-23.3808851124898,87.5146392067666,-1.01868709110299,134.716402689616,-1.01868709110299,-18.2099623531862,95.5668156941732,-31.4445655569948,-1.01868709110299,-25.3373242541765,-1.01868709110299,-1.01868709110299,-16.1844072513398,-1.01868709110299,77.6018835934028,-1.01868709110299,108.410858833333,86.8312060038249,-25.8292457672511
"23",1990-07-01,43.5661252339681,-6.30991040174882,-0.682711077072823,-7.7801590400794,-0.682711077072823,-5.97867530706081,88.3591008712164,-0.682711077072823,107.655255635579,-0.682711077072823,-4.6564298887617,130.513771057129,-8.04062150480495,-0.682711077072823,-6.4789521071004,-0.682711077072823,-0.682711077072823,-4.13847959679304,-0.682711077072823,93.2537892531859,-0.682711077072823,127.293416266667,92.2421747843425,-6.60474028787633
"24",1990-10-01,56.9374491373698,20.1590696944396,-0.220504654593255,24.8562591759331,-0.220504654593255,19.1008309978633,93.4807467610566,-0.220504654593255,145.916478474935,-0.220504654593255,14.8764861429415,141.394795735677,25.6883915906394,-0.220504654593255,20.6991286338668,-0.220504654593255,-0.220504654593255,13.2217247645299,-0.220504654593255,126.315878388121,-0.220504654593255,124.5001696,133.114387512207,21.1010000617552
"25",1991-01-01,69.9380009969076,22.771368205614,-0.17182393039291,28.077239599279,-0.17182393039291,21.5759984105577,82.2296134540244,-0.17182393039291,152.367848714193,-0.17182393039291,16.8042448734663,139.488695780436,29.0172032929574,-0.17182393039291,23.3814102933113,-0.17182393039291,-0.17182393039291,14.9350524349564,-0.17182393039291,159.926811647716,-0.17182393039291,118.899843566667,117.32137298584,23.8353579404236
"26",1991-04-01,44.5317077636719,-29.5623243507813,-1.08938513659011,-36.4505310534592,-1.08938513659011,-28.0104672431408,72.421766424602,-1.08938513659011,104.707903544108,-1.08938513659011,-21.8156648706286,87.0271682739258,-37.6708139692493,-1.08938513659011,-30.3542952987408,-1.08938513659011,-1.08938513659011,-19.3890354014502,-1.08938513659011,109.735213111472,-1.08938513659011,106.2699636,129.027580261231,-30.9436207824374
"27",1991-07-01,80.6814804077149,-5.99592102848563,-0.686270061170754,-7.39300817654171,-0.686270061170754,-5.68116862422616,80.567628612073,-0.686270061170754,94.1844253540041,-0.686270061170754,-4.42471986289334,102.355173746745,-7.64050968923297,-0.686270061170754,-6.15655099805345,-0.686270061170754,-0.686270061170754,-3.93254345315154,-0.686270061170754,95.2736976063919,-0.686270061170754,137.323948133333,90.9744618733724,-6.27607979485543
"28",1991-10-01,111.13404973348,24.7728850587283,-0.153029361606857,30.5451224133221,-0.153029361606857,23.4724467948428,84.2910601244349,-0.153029361606857,128.030977884929,-0.153029361606857,18.2812742295595,139.914766947428,31.5677053487265,-0.153029361606857,25.4365475309633,-0.153029361606857,-0.153029361606857,16.2477868688645,-0.153029361606857,135.74675244921,-0.153029361606857,124.718186066667,110.453605651855,25.9303954536287
"29",1992-01-01,46.2287521362305,-8.00719081724808,-0.708282165651436,-9.87291642131518,-0.708282165651436,-7.58685796944709,80.2795919415791,-0.708282165651436,126.182914733887,-0.708282165651436,-5.90894644654835,122.596733093262,-10.2034397604755,-0.708282165651436,-8.22170245127191,-0.708282165651436,-0.708282165651436,-5.25167454289455,-0.708282165651436,119.096449684201,-0.708282165651436,121.4878666,69.1271107991536,-8.38132594857993
"30",1992-04-01,50.2030690511068,-7.17152059196363,-0.700187585423859,-8.84252980029913,-0.700187585423859,-6.79505576899598,87.0156110273663,-0.700187585423859,96.6198298136392,-0.700187585423859,-5.29225943097928,96.9427363077799,-9.13855808125462,-0.700187585423859,-7.36364472584887,-0.700187585423859,-0.700187585423859,-4.70358368949215,-0.700187585423859,155.208199520194,-0.700187585423859,112.648232093333,112.462234497071,-7.50660912173161
"31",1992-07-01,67.7011489868164,28.6642425939482,-0.0826184133411546,35.3431906232021,-0.0826184133411546,27.159529768369,109.879789063902,-0.0826184133411546,114.841583251953,-0.0826184133411546,21.1529209537086,127.821179707845,36.5264022379727,-0.0826184133411546,29.4321540446954,-0.0826184133411546,-0.0826184133411546,18.8000107100891,-0.0826184133411546,124.585155472414,-0.0826184133411546,137.9838741,145.495585123698,30.0035762519289
"32",1992-10-01,112.343304951986,27.4920235126514,-0.109383177951848,33.8978371551439,-0.109383177951848,26.0488456493248,90.6851639529422,-0.109383177951848,166.28793334961,-0.109383177951848,20.2878760293284,119.092130025228,35.0326615422562,-0.109383177951848,28.2285313617734,-0.109383177951848,-0.109383177951848,18.0311876298797,-0.109383177951848,123.39466644017,-0.109383177951848,125.185774033333,141.908063252767,28.776585359901
"33",1993-01-01,64.0199343363444,-0.204659943692599,-0.440867887426738,-0.252346992220493,-0.440867887426738,-0.193916438395111,77.5337761063976,-0.440867887426738,104.731702168783,-0.440867887426738,-0.151029827393172,100.079305013021,-0.260795009699472,-0.440867887426738,144.022959391276,-0.440867887426738,-0.440867887426738,-0.134230273859022,-0.440867887426738,116.60665670407,-0.440867887426738,127.872405733333,123.569068908692,-0.214222657590569
"34",1993-04-01,54.6502075195312,-28.2031900873919,-0.903751001331449,-34.7747099953566,-0.903751001331449,-26.7226799463109,79.0518880008012,-0.903751001331449,94.7354558308919,-0.903751001331449,-20.8126849542842,114.612312316895,-35.9388901398559,-0.903751001331449,88.506322224935,-0.903751001331449,-0.903751001331449,-18.4976203004084,-0.903751001331449,53.7581670881485,-0.903751001331449,117.385677566667,137.482129414876,-29.5209811164996
"35",1993-07-01,109.055943806966,5.49775695199509,-0.357706219884002,6.77876875056246,-0.357706219884002,5.20915538261923,93.6088721153312,-0.357706219884002,119.766583760579,-0.357706219884002,4.05709719512375,112.702153523763,7.00570688993474,-0.357706219884002,130.552563985189,-0.357706219884002,-0.357706219884002,3.60581268596981,-0.357706219884002,86.5117363826446,-0.357706219884002,128.6780676,89.0956026713053,5.75463905537078
"36",1993-10-01,74.4065335591635,-21.2182584975097,-0.794113011341145,-26.1622456031053,-0.794113011341145,-20.1044182977203,103.328777712095,-0.794113011341145,107.509742736816,-0.794113011341145,-15.6581198091011,81.7840118408203,-27.0380995461206,-0.794113011341145,78.6896311442058,-0.794113011341145,-0.794113011341145,-13.9164147001338,-0.794113011341145,85.772168079755,-0.794113011341145,119.174165,106.957799275716,-22.2096793479406
"37",1994-01-01,57.5246829986572,-22.9416064825118,-0.81766019288752,-28.2871444607817,-0.81766019288752,-21.7373001276349,100.222447446321,-0.81766019288752,95.3878860473634,-0.81766019288752,-16.9298730599676,87.2217788696289,-29.2341353035586,-0.81766019288752,81.6490898132326,-0.81766019288752,-0.81766019288752,-15.0467065775159,-0.81766019288752,96.2030226313427,-0.81766019288752,120.753970866667,94.6275609334309,-24.0135505825336
"38",1994-04-01,61.4666163126628,-14.9701548053662,-0.667292357914499,-18.4582946230232,-0.667292357914499,-14.1843051928146,91.5913080176835,-0.667292357914499,154.510447184245,-0.667292357914499,-11.0473004903171,96.1090749104818,-19.0762373780975,-0.667292357914499,71.4747123718262,-0.667292357914499,-0.667292357914499,-9.81847225685974,-0.667292357914499,113.166887563941,-0.667292357914499,115.581116066667,99.0178833007814,-15.6696336815408
"39",1994-07-01,104.323196411133,0.0322113153254626,-0.407540942798589,0.0397167535140893,-0.407540942798589,0.030520400969706,76.558719128789,-0.407540942798589,131.021423339844,-0.407540942798589,0.0237705009878178,83.2409515380859,0.0410463823118923,-0.407540942798589,70.0286661783854,-0.407540942798589,-0.407540942798589,0.021126428550134,-0.407540942798589,96.6376676830681,-0.407540942798589,159.933733966667,95.8028361002603,0.0337163855760309
"40",1994-10-01,51.3595581054688,-35.8390010178205,-1.03988695067773,-44.1897126905211,-1.03988695067773,-33.9576534011616,72.7564427193912,-1.03988695067773,94.5590209960939,-1.03988695067773,-26.4475697589126,83.7122294108073,-45.6690862384903,-1.03988695067773,100.677271525065,-1.03988695067773,-1.03988695067773,-23.5057179957084,-1.03988695067773,71.4967683876876,-1.03988695067773,115.480276866667,120.840838114421,-37.5135744929175
"41",1995-01-01,72.2278124491374,-11.3246902059621,-0.631493169695164,-13.963413942866,-0.631493169695164,-10.7302071477487,91.6093860630037,-0.631493169695164,161.147598266602,-0.631493169695164,-8.35711168599064,103.136032104492,-14.4308780644613,-0.631493169695164,112.992708841959,-0.631493169695164,-0.631493169695164,-7.42752216329203,-0.631493169695164,60.1986473474108,-0.631493169695164,117.1181334,120.021408081055,-11.8538351400848
"42",1995-04-01,45.5779139200846,-48.9657813185774,-1.26828880419878,-60.3751150055467,-1.26828880419878,-46.3953509671359,100.676180489809,-1.26828880419878,108.968861897786,-1.26828880419878,-36.1345428288808,69.7068684895833,-62.3963399164288,-1.26828880419878,71.904229482015,-1.26828880419878,-1.26828880419878,-32.1151766072302,-1.26828880419878,42.0773436612279,-1.26828880419878,111.69703961,81.8870595296224,-51.2537021940147
"43",1995-07-01,37.9348640441895,-47.4422481704861,-1.24091739256799,-58.4965890930872,-1.24091739256799,-44.951794809911,101.9498488404,-1.24091739256799,102.587164560954,-1.24091739256799,-35.0102439346643,69.3072878519694,-60.4549251238463,-1.24091739256799,75.3668403625488,-1.24091739256799,-1.24091739256799,-31.1159372445499,-1.24091739256799,39.4298806350554,-1.24091739256799,118.498268266667,80.7469024658202,-49.6589821231363
"44",1995-10-01,51.8574803670248,-16.9155882310233,-0.69549223333519,-20.8570262197989,-0.69549223333519,-16.0276142167087,88.1321759250551,-0.69549223333519,224.627049763998,-0.69549223333519,-12.4829428010725,90.5920791625978,-21.555273187254,-0.69549223333519,69.8358306884766,-0.69549223333519,-0.69549223333519,-11.0944232650974,-0.69549223333519,67.1753149467971,-0.69549223333519,119.9220173,118.468579610189,-17.7059672751616
"45",1996-01-01,70.5088437398275,-4.84437571992156,-0.423080387223435,-5.97314559972878,-0.423080387223435,-4.59007302017992,96.26189471296,-0.423080387223435,174.622406005859,-0.423080387223435,-3.5749312523332,86.7433598836263,165.624025980631,-0.423080387223435,112.123217264811,-0.423080387223435,-0.423080387223435,-3.17727967587915,-0.423080387223435,65.6122871425568,-0.423080387223435,117.744394733333,74.2012977600098,-5.07072865537171
"46",1996-04-01,44.2035751342774,-45.0377642541767,-1.08072641204188,-55.5318453666128,-1.08072641204188,-42.6735328851965,81.7501006637246,-1.08072641204188,119.426259358724,-1.08072641204188,-33.2358430221177,71.7445348103841,107.819513956706,-1.08072641204188,100.416536966959,-1.08072641204188,-1.08072641204188,-29.5389088883777,-1.08072641204188,56.6471852016166,-1.08072641204188,97.1776111466667,73.2682011922201,-47.1421489539683
"47",1996-07-01,42.4903831481934,-44.1525101465006,-1.04981766649419,-54.4403215080974,-1.04981766649419,-41.8347496795633,77.176362794956,-1.04981766649419,108.77123260498,-1.04981766649419,-32.5825653329465,79.1072870890299,110.078459421794,-1.04981766649419,78.17005666097,-1.04981766649419,-1.04981766649419,-28.9582974645484,-1.04981766649419,58.5030317458122,-1.04981766649419,108.858332423333,69.4811477661133,-46.2155314431466
"48",1996-10-01,43.5929406483968,-38.4398231363897,-0.96366222900404,-47.3965426499158,-0.96366222900404,-36.4219468678386,76.5059360800921,-0.96366222900404,138.614789326986,-0.96366222900404,-28.3668594282083,65.7382621765137,139.413431803385,-0.96366222900404,86.8860092163087,-0.96366222900404,-0.96366222900404,-25.2115186469512,-0.96366222900404,74.4294759546778,-0.96366222900404,98.9482915733333,81.5906880696615,-40.2359197457682
"49",1997-01-01,83.5946553548177,-8.89601694738499,-0.393592533729367,-10.968844605894,-0.393592533729367,-8.42902568628934,96.2778362698315,-0.393592533729367,103.125239054362,-0.393592533729367,-6.56486012753102,79.3281122843424,126.146588643392,-0.393592533729367,63.3429107666016,-0.393592533729367,-0.393592533729367,168.748423258463,-0.393592533729367,55.9725368555728,-0.393592533729367,122.9822696,72.9472427368164,-9.31168238422843
"50",1997-04-01,37.7844937642416,-18.5776164280931,-0.533688572115872,-22.9063173949502,-0.533688572115872,-17.6023952054698,90.6220828466634,-0.533688572115872,82.7825190226236,-0.533688572115872,-13.7094448082413,77.1506551106771,145.733510335287,-0.533688572115872,92.979398091634,-0.533688572115872,-0.533688572115872,145.507792154948,-0.533688572115872,100.699046349629,-0.533688572115872,98.7433372466667,88.3061879475912,-19.4456535613141
"51",1997-07-01,49.6338551839193,-46.6826847799011,-0.961367297079289,-57.5600426758615,-0.961367297079289,-44.2321042599185,112.415371052952,-0.961367297079289,53.6356964111328,-0.961367297079289,-34.4497203377921,63.3451741536458,111.138521830241,-0.961367297079289,83.8160451253256,-0.961367297079289,-0.961367297079289,96.4529291788737,-0.961367297079289,46.251103160338,-0.961367297079289,101.78472054,60.4384981791178,-48.8639282146684
"52",1997-10-01,115.972752888997,0.454385299531332,-0.208882716942777,0.560259919831521,-0.208882716942777,0.430532606207289,192.305860015251,-0.208882716942777,79.3441314697266,-0.208882716942777,0.335315900708388,94.2039616902669,144.345827738444,-0.208882716942777,76.8000666300456,-0.208882716942777,-0.208882716942777,95.7031656901042,-0.208882716942777,66.7887177088554,-0.208882716942777,101.465196833333,67.196299235026,0.475616403871847
"53",1998-01-01,63.1939010620117,87.4077364603678,0.111285705872361,111.157346089681,0.111285705872361,-5.79705611294442,192.821687809962,0.111285705872361,109.334312438965,0.111285705872361,-4.51497764383754,97.4836146036784,161.334752400716,0.111285705872361,53.8413543701172,0.111285705872361,0.111285705872361,96.1984024047852,0.111285705872361,81.1430768588139,0.111285705872361,104.40932273,46.8036448160807,97.0303066666667
"54",1998-04-01,54.5140825907389,106.467041015625,0.0699610897891722,114.661572774251,0.0699610897891722,-7.46189179913097,184.249973173331,0.0699610897891722,96.6930516560873,0.0699610897891722,-5.81161782763894,78.49072265625,192.373428344726,0.0699610897891722,73.1027997334798,0.0699610897891722,0.0699610897891722,84.6652552286783,0.0699610897891722,62.981252869935,0.0699610897891722,103.32869533,70.5970179239908,102.62663
"55",1998-07-01,94.3798344930013,169.128865559896,1.24494973879053,171.75156656901,1.24494973879053,72.4366875370533,212.923485659933,1.24494973879053,141.322049458822,1.24494973879053,56.4165704887972,133.64094543457,306.302302042643,1.24494973879053,115.691538492839,1.24494973879053,1.24494973879053,156.694981892904,1.24494973879053,82.5971016857248,1.24494973879053,133.9831067,57.9450556437174,155.0204
"56",1998-10-01,100.881052652995,81.2058219909668,0.542813376372486,184.157145182292,0.542813376372486,23.8178687604587,152.303383215429,0.542813376372486,153.623733520508,0.542813376372486,18.5503025815473,123.140988667806,246.496215820312,0.542813376372486,110.725072224935,0.542813376372486,0.542813376372486,108.874842325846,0.542813376372486,72.855984993611,0.542813376372486,105.779692453333,62.6025899251302,119.742733333333
"57",1999-01-01,60.1226272583008,52.4530614217122,-0.276832728569759,91.210220336914,-0.276832728569759,-29.2979656837056,114.571876858896,-0.276832728569759,66.451104482015,-0.276832728569759,-22.8184198142363,95.1155675252277,157.529024759928,-0.276832728569759,93.9157282511392,-0.276832728569759,-0.276832728569759,95.5410766601564,-0.276832728569759,52.1789345920741,-0.276832728569759,97.1120363233333,58.358528137207,118.763636666667
"58",1999-04-01,48.934939066569,70.5032819112142,-0.559672779237348,62.6916542053223,-0.559672779237348,-48.0135860256505,110.650846132407,-0.559672779237348,56.5620473225911,-0.559672779237348,-37.394888592199,69.8299942016602,127.536366780599,-0.559672779237348,105.050793965657,-0.559672779237348,-0.559672779237348,80.7243270874024,-0.559672779237348,46.6142628165119,-0.559672779237348,95.50624667,37.4345620473226,78.0871333333333
"59",1999-07-01,46.6121877034505,53.2197227478027,-0.487747107294055,73.6455205281576,-0.487747107294055,-45.0262329237381,89.1470187128275,-0.487747107294055,52.9185873667399,-0.487747107294055,-35.0682192954734,80.351203918457,179.90784962972,-0.487747107294055,108.98210144043,-0.487747107294055,-0.487747107294055,79.0035692850748,-0.487747107294055,57.0988068471458,-0.487747107294055,108.267515773333,20.0382480621338,57.5034
"60",1999-10-01,48.7152055104573,52.0853118896484,-0.540515792493284,66.2203044891356,-0.540515792493284,-47.5038100613556,89.4244948229129,-0.540515792493284,52.2584648132324,-0.540515792493284,-36.9978548155175,73.6588973999024,146.607246398926,-0.540515792493284,98.7044169108071,-0.540515792493284,-0.540515792493284,83.0399856567383,-0.540515792493284,88.6059780070856,-0.540515792493284,87.9839050533333,37.0176932017009,88.22855
"61",2000-01-01,40.4057502746582,61.6974601745605,-0.711118090369546,58.0351181030274,-0.711118090369546,-59.0548640495986,79.7068358400211,-0.711118090369546,43.9912033081055,-0.711118090369546,-45.9942746368168,78.5508371988933,136.555625915527,-0.711118090369546,88.8946406046549,-0.711118090369546,-0.711118090369546,70.9222513834636,-0.711118090369546,69.1435302678224,-0.711118090369546,85.3710076066667,31.3597132364909,76.46062
"62",2000-04-01,105.743583679199,92.4077402750651,-0.360910904326195,97.8650512695311,-0.360910904326195,-34.9289270407503,116.027296661538,-0.360910904326195,50.8105557759603,-0.360910904326195,-27.2040362624884,99.4423955281575,148.661158243815,-0.360910904326195,87.675069173177,-0.360910904326195,-0.360910904326195,76.8175888061523,-0.360910904326195,63.5562966629757,-0.360910904326195,78.9962915966667,35.6787261962891,71.24021
"63",2000-07-01,74.8833071390789,59.5854021708171,-0.903965964070039,57.3443145751953,-0.903965964070039,-70.5700230642154,80.7996784372497,-0.903965964070039,47.0515124003092,-0.903965964070039,-54.9627380263875,73.0386034647624,101.659126281738,-0.903965964070039,73.2226715087891,-0.903965964070039,-0.903965964070039,73.6735483805339,-0.903965964070039,42.0065069492387,-0.903965964070039,72.9305624,35.0505002339681,52.3452733333333
"64",2000-10-01,146.322814941406,75.3784535725911,-0.269431663644256,63.7543220520019,-0.269431663644256,-27.6515789911777,96.5427266811662,-0.269431663644256,71.612070719401,-0.269431663644256,-21.5361484397576,135.182006835938,128.700352986654,-0.269431663644256,89.0545705159505,-0.269431663644256,-0.269431663644256,114.793464660645,-0.269431663644256,62.8100439528953,-0.269431663644256,67.54113865,48.3244323730469,89.3675633333333
"65",2001-01-01,99.2658462524416,112.25106048584,0.0478863860597794,62.2479883829753,0.0478863860597794,84.9061864217123,149.848910466987,0.0478863860597794,101.569409688314,0.0478863860597794,-13.6055695872452,136.204645792643,115.847607930501,0.0478863860597794,141.510019938151,0.0478863860597794,0.0478863860597794,76.7969360351563,0.0478863860597794,48.8457862461838,0.0478863860597794,74.99239989,43.2668113708496,110.85787
"66",2001-04-01,91.5507202148437,77.6764653523763,-0.17927500794183,91.3627446492513,-0.17927500794183,61.671994527181,120.333229861213,-0.17927500794183,88.4783821105958,-0.17927500794183,-25.4857191396208,119.885167439779,117.824595133464,-0.17927500794183,78.6167093912761,-0.17927500794183,-0.17927500794183,93.4816513061524,-0.17927500794183,58.9681041140218,-0.17927500794183,72.04053078,46.3532307942708,120.074433333333
"67",2001-07-01,152.254643758138,120.112443288167,0.660907273276482,125.591135660808,0.660907273276482,94.05091603597,133.759325260435,0.660907273276482,117.329447428385,0.660907273276482,20.4592436609383,162.819686889648,175.555536905925,0.660907273276482,147.752571105957,0.660907273276482,0.660907273276482,126.490748087565,0.660907273276482,51.6994683239841,0.660907273276482,91.4074490766667,82.4103762308757,180.755166666667
"68",2001-10-01,134.379742940267,173.818265279134,1.19262422424729,137.650347391764,1.19262422424729,134.076388041178,107.880311822168,1.19262422424729,173.18115234375,1.19262422424729,48.8908338176497,189.830683390299,252.992655436198,1.19262422424729,187.531733194987,1.19262422424729,1.19262422424729,162.684171040853,1.19262422424729,114.95540281453,1.19262422424729,86.4907572166667,91.3268801371258,173.71588
"69",2002-01-01,85.9203198750815,57.0441309611003,0.150038653633932,77.5427932739258,0.150038653633932,132.355204264323,120.285902918833,0.150038653633932,99.0624771118165,0.150038653633932,-8.6894358074129,116.85738881429,151.583979288737,0.150038653633932,85.0162251790365,0.150038653633932,0.150038653633932,103.352678934733,0.150038653633932,98.6469578221712,0.150038653633932,88.0232785266667,78.4989484151204,124.48449
"70",2002-04-01,86.6643753051758,60.2589200337728,0.0707849341417955,77.4579162597656,0.0707849341417955,135.366386413574,95.3992617622169,0.0707849341417955,81.7989908854166,0.0707849341417955,-11.0688248307077,105.318209330241,110.831118265788,0.0707849341417955,102.614242553711,0.0707849341417955,0.0707849341417955,128.869913736979,0.0707849341417955,102.44380889167,0.0707849341417955,84.4860296166667,105.35014851888,121.7187
"71",2002-07-01,98.4748942057293,108.261708577474,0.738560616019136,103.156433105469,0.738560616019136,166.467170715332,111.463845663296,0.738560616019136,111.114926656087,0.738560616019136,25.5560208812,141.876129150391,202.895350138346,0.738560616019136,115.699203491211,0.738560616019136,0.738560616019136,160.794222513835,0.738560616019136,91.8748394202551,0.738560616019136,93.50860366,151.477259318034,178.313933333333
"72",2002-10-01,166.542856852214,111.20531463623,0.863287575430596,114.057312011719,0.863287575430596,188.001752217611,127.75515354728,0.863287575430596,133.385487874349,0.863287575430596,31.5281347692021,150.535451253255,175.03483581543,0.863287575430596,109.274912516276,0.863287575430596,0.863287575430596,147.846608479818,0.863287575430596,108.319490650309,0.863287575430596,85.4284460966667,137.444313049316,155.733133333333
"73",2003-01-01,280.736206054687,193.65052541097,2.22472892356316,166.590337117513,2.22472892356316,309.838292439779,109.736253703413,2.22472892356316,177.9517771403,2.22472892356316,111.972810603751,190.666193644206,387.586232503255,2.22472892356316,181.700299580892,2.22472892356316,2.22472892356316,131.437006632487,2.22472892356316,142.417888154713,2.22472892356316,101.825456413333,211.647104899089,261.950466666667
"74",2003-04-01,168.202901204427,136.366274515788,0.950482534475096,124.075556437175,0.950482534475096,224.313860575358,121.314916847477,0.950482534475096,120.764587402344,0.950482534475096,138.746751324747,136.528406778971,154.60717010498,0.950482534475096,118.307195027669,0.950482534475096,0.950482534475096,114.34182993571,0.950482534475096,109.371973671468,0.950482534475096,86.0568195466667,128.915420532227,126.795186666667
"75",2003-07-01,93.9328486124676,49.7083346048991,-0.0627889000910981,76.5707066853841,-0.0627889000910981,104.877848307292,81.4906949925061,-0.0627889000910981,70.2846018473307,-0.0627889000910981,95.8497032760285,101.672124226888,109.14170328776,-0.0627889000910981,69.5614674886068,-0.0627889000910981,-0.0627889000910981,87.6559677124024,-0.0627889000910981,84.7471347060707,-0.0627889000910981,89.27087634,72.0702590942383,81.33998
"76",2003-10-01,120.419855753581,50.4133631388346,-0.0907101103525654,62.3457870483399,-0.0907101103525654,80.1696624755859,88.4073803126555,-0.0907101103525654,74.8232981363932,-0.0907101103525654,69.7198638934657,82.5418904622396,157.896097819011,-0.0907101103525654,84.995403289795,-0.0907101103525654,-0.0907101103525654,93.2175954182941,-0.0907101103525654,96.7510703216753,-0.0907101103525654,68.7679161,78.1958491007487,107.24078
"77",2004-01-01,134.333137512207,54.1205406188965,-0.245919854730931,47.683598836263,-0.245919854730931,77.0906321207682,70.0139253151152,-0.245919854730931,67.3334325154622,-0.245919854730931,55.6210386077182,87.1699905395508,101.149943033854,-0.245919854730931,86.914218902588,-0.245919854730931,-0.245919854730931,100.199643452962,-0.245919854730931,61.1598207151015,-0.245919854730931,75.9282206366667,94.8444480895995,93.22549
"78",2004-04-01,147.420750935872,59.4607671101888,-0.140250667662658,43.6245511372884,-0.140250667662658,63.9646237691244,81.0949322793617,-0.140250667662658,69.3364804585775,-0.140250667662658,62.3626884124379,87.4031422932943,89.9381357828775,-0.140250667662658,112.152010599772,-0.140250667662658,-0.140250667662658,100.825566609701,-0.140250667662658,49.0163420832192,-0.140250667662658,76.2398411833333,156.37196858724,98.2381
"79",2004-07-01,118.976567586263,57.6745351155599,-0.203711035684917,47.0590731302897,-0.203711035684917,74.6280555725097,73.9739054543305,-0.203711035684917,68.929635365804,-0.203711035684917,80.4810626644514,93.9719823201497,68.0701548258464,-0.203711035684917,61.0858777364095,-0.203711035684917,-0.203711035684917,112.676523844401,-0.203711035684917,73.3501242588555,-0.203711035684917,78.05756762,114.000231424968,86.1047966666667
"80",2004-10-01,125.486457824707,58.7199490865072,-0.0406327146964291,60.2549006144206,-0.0406327146964291,97.4123751322427,73.6444854308112,-0.0406327146964291,66.407221476237,-0.0406327146964291,81.5209253215772,93.8566970825197,116.033630371094,-0.0406327146964291,79.6894187927246,-0.0406327146964291,-0.0406327146964291,110.846941630046,-0.0406327146964291,94.0610875757886,-0.0406327146964291,71.18360242,142.72407023112,82.8627333333333
"81",2005-01-01,72.3100357055663,33.8184661865234,-0.68955836953062,39.2379023234049,-0.68955836953062,54.5773938496908,59.1199041567976,-0.68955836953062,43.1885935465495,-0.68955836953062,63.865715483244,55.9128863016764,72.6289380391439,-0.68955836953062,47.4040781656901,-0.68955836953062,-0.68955836953062,85.9496765136717,-0.68955836953062,58.8518864927622,-0.68955836953062,60.18982215,87.9515508015951,104.709363333333
"82",2005-04-01,55.5558166503906,51.1115131378174,-0.292469814691299,66.7440299987793,-0.292469814691299,87.3109919230143,70.3596858412798,-0.292469814691299,82.7909596761068,-0.292469814691299,69.6562800210395,78.4974085489909,102.385503133138,-0.292469814691299,65.3486518859863,-0.292469814691299,-0.292469814691299,98.5233256022134,-0.292469814691299,80.5741587991216,-0.292469814691299,70.6260382333333,127.951080322266,81.73114
"83",2005-07-01,70.6107037862142,42.8869972229004,-0.184636992761418,55.4293975830078,-0.184636992761418,97.5916798909505,74.5352873119803,-0.184636992761418,62.1952985127767,-0.184636992761418,128.743998488983,79.1088790893555,75.0802281697591,-0.184636992761418,117.147336324056,-0.184636992761418,-0.184636992761418,102.568929036458,-0.184636992761418,74.5026562769895,-0.184636992761418,68.7963786533333,114.412366231282,100.208686666667
"84",2005-10-01,76.0818468729655,44.3314768473307,-0.489185558651825,40.4262847900391,-0.489185558651825,54.8782183329265,71.6332890806155,-0.489185558651825,70.5601857503255,-0.489185558651825,89.8137127216221,69.9748675028483,73.017302195231,-0.489185558651825,95.6176528930666,-0.489185558651825,-0.489185558651825,67.2264518737793,-0.489185558651825,77.2572254086495,-0.489185558651825,61.25497816,67.161424001058,91.9260066666667
"85",2006-01-01,74.217534383138,39.1972618103027,-0.497658169492781,41.209519704183,-0.497658169492781,70.2358156840006,70.8829201851494,-0.497658169492781,71.2258669535319,-0.497658169492781,75.9343253715484,66.5263532002767,58.3500150044759,-0.497658169492781,86.1743392944336,-0.497658169492781,-0.497658169492781,70.5817476908366,-0.497658169492781,80.0869601343755,-0.497658169492781,76.0646384133333,67.6125094095866,55.52253
"86",2006-04-01,93.8431040445963,49.5575803120931,-0.406781147972962,56.9766171773275,-0.406781147972962,72.1464767456055,69.3204589388264,-0.406781147972962,61.4256884256999,-0.406781147972962,70.2564676072043,77.3492635091146,81.9925816853841,-0.406781147972962,85.4175593058267,-0.406781147972962,-0.406781147972962,77.9900957743328,-0.406781147972962,72.31553123308,-0.406781147972962,66.3722899466667,96.083641052246,78.2538133333333
"87",2006-07-01,76.5877304077148,51.9889399210612,-0.452799760777028,56.9971644083659,-0.452799760777028,52.259349822998,58.8223623026178,-0.452799760777028,57.6640040079753,-0.452799760777028,87.7474284245329,72.5803006490072,64.5088768005371,-0.452799760777028,83.7517840067546,-0.452799760777028,-0.452799760777028,61.2178344726563,-0.452799760777028,59.5270862812881,-0.452799760777028,95.0766131733333,63.5307540893555,62.4278433333333
"88",2006-10-01,118.314603169759,44.8165855407715,-0.519620255282237,63.078125,-0.519620255282237,58.2290229797364,64.2455991741104,-0.519620255282237,59.8985290527344,-0.519620255282237,69.1291447720903,52.089225769043,41.5660832722982,-0.519620255282237,70.050521850586,-0.519620255282237,-0.519620255282237,67.5527089436849,-0.519620255282237,87.9305494507402,-0.519620255282237,79.5298282566667,71.121852874756,44.4688733333333
"89",2007-01-01,93.6206181844074,30.3439922332764,-0.70502219015913,59.7864468892415,-0.70502219015913,33.0588773091634,74.68784903732,-0.70502219015913,65.5589879353841,-0.70502219015913,50.46084317026,65.9666353861491,36.4330418904622,-0.70502219015913,74.0903981526692,-0.70502219015913,-0.70502219015913,51.2491346995036,-0.70502219015913,43.2978310366636,-0.70502219015913,69.11181801,93.5465850830077,52.62661
"90",2007-04-01,74.0463155110677,32.9912935892741,-0.668634340199133,60.3357988993327,-0.668634340199133,36.2984835306803,69.8009871910939,-0.668634340199133,58.1693407694499,-0.668634340199133,39.3274046341786,66.5793164571126,61.0202061335246,-0.668634340199133,47.7515544891357,-0.668634340199133,-0.668634340199133,62.5501327514649,-0.668634340199133,77.3453886614603,-0.668634340199133,71.2720698766667,88.1718750000001,51.0186133333333
"91",2007-07-01,65.8251597086589,61.0087890625,-0.251322857665445,86.1373736063641,-0.251322857665445,99.0492413838705,90.1718328555778,-0.251322857665445,62.3808657328288,-0.251322857665445,65.2894074282109,81.5609003702799,69.1188163757324,-0.251322857665445,114.045935312907,-0.251322857665445,-0.251322857665445,66.2821235656738,-0.251322857665445,63.47926502061,-0.251322857665445,75.9296922733333,155.781035105387,51.3596266666667
"92",2007-10-01,96.7857373555502,89.107432047526,-0.0297941698684748,124.729782104492,-0.0297941698684748,69.5450121561686,88.5759804868932,-0.0297941698684748,84.3456166585287,-0.0297941698684748,36.871579165431,104.732376098633,74.6881256103516,-0.0297941698684748,115.400896708171,-0.0297941698684748,-0.0297941698684748,60.4811566670736,-0.0297941698684748,142.495757504682,-0.0297941698684748,57.2865153733333,127.263379414876,92.3457033333333
"93",2008-01-01,106.207110087077,125.22412109375,0.599767384042666,151.035730997722,0.599767384042666,116.612754821777,128.89417107174,0.599767384042666,116.437856038411,0.599767384042666,83.5416147061338,133.277170817057,69.0749168395997,0.599767384042666,135.170984903971,0.599767384042666,0.599767384042666,100.542805989583,0.599767384042666,99.3756998285028,0.599767384042666,91.38060565,186.914942423502,93.57948
"94",2008-04-01,96.3936945597331,110.754488627116,-0.0261400310590925,116.346318562826,-0.0261400310590925,78.2400016784668,96.9416030962129,-0.0261400310590925,87.1413065592449,-0.0261400310590925,74.9087658131921,92.0026728312175,62.2253519694011,-0.0261400310590925,82.1002133687336,-0.0261400310590925,-0.0261400310590925,71.1544570922852,-0.0261400310590925,102.626135253619,-0.0261400310590925,81.0824003233333,100.505304972331,62.6500433333333
"95",2008-07-01,166.2048924764,151.397417704264,0.733548392578573,149.363571166992,0.733548392578573,91.9963785807291,117.384730947566,0.733548392578573,118.418093363444,0.733548392578573,100.831477164189,144.812561035156,71.7321739196777,0.733548392578573,109.298942565918,0.733548392578573,0.733548392578573,72.4957720438639,0.733548392578573,144.423367264624,0.733548392578573,98.18856057,134.02759552002,105.43795
"96",2008-10-01,194.024866739909,221.069478352865,1.88655006990943,178.425237019857,1.88655006990943,109.195264180501,170.391639331908,1.88655006990943,298.805816650391,1.88655006990943,162.73845716465,187.438110351562,122.537033081055,1.88655006990943,212.438975016276,1.88655006990943,1.88655006990943,97.9327316284181,1.88655006990943,163.961644103992,1.88655006990943,105.91363561,220.219980875651,138.499166666667
"97",2009-01-01,160.089726765951,138.552591959635,1.30832112444504,123.765185038249,1.30832112444504,98.4187622070313,140.961318161355,1.30832112444504,203.80002339681,1.30832112444504,196.734706341051,185.119003295898,135.860130310059,1.30832112444504,147.018389383952,1.30832112444504,1.30832112444504,122.758046468099,1.30832112444504,144.347712424934,1.30832112444504,92.74376523,168.800732930502,113.374473333333
"98",2009-04-01,142.946365356445,98.5606918334961,0.37404299741456,127.495447794596,0.37404299741456,61.4443702697754,117.977248555702,0.37404299741456,116.266919453939,0.37404299741456,94.3397678915748,115.448173522949,59.8301188151042,0.37404299741456,123.144620259603,0.37404299741456,0.37404299741456,104.623118082682,0.37404299741456,130.745582886738,0.37404299741456,82.30338089,118.357154846191,69.77359
"99",2009-07-01,146.058008829753,94.3560282389323,0.274610734669317,115.595377604167,0.274610734669317,69.1252683003743,134.355270684317,0.274610734669317,93.7824325561523,0.274610734669317,133.450723940467,104.846361796061,51.5856030782064,0.274610734669317,87.2736790974935,0.274610734669317,0.274610734669317,90.7179857889813,0.274610734669317,105.727307997013,0.274610734669317,81.7088361933333,108.312319437663,72.0877866666667
"100",2009-10-01,139.239362080892,91.4476420084635,0.289528079910728,117.030743916829,0.289528079910728,76.2992655436198,115.992136683755,0.289528079910728,113.4304784139,0.289528079910728,109.173968646892,98.1390380859375,67.6255823771159,0.289528079910728,89.0904947916668,0.289528079910728,0.289528079910728,100.534909566243,0.289528079910728,127.550947618471,0.289528079910728,73.6966330733333,159.232457478841,68.16412
"101",2010-01-01,142.643129984538,101.534619649251,0.506865164344811,150.565546671549,0.506865164344811,108.154233296712,98.9340882582028,0.506865164344811,119.307744344076,0.506865164344811,74.185959218477,126.090970357259,62.0320549011231,0.506865164344811,114.492764790853,0.506865164344811,0.506865164344811,103.190063476562,0.506865164344811,153.751962845157,0.506865164344811,76.0689500066667,162.589019775391,103.453486666667
"102",2010-04-01,145.906478881836,198.666603088379,1.21108558254633,196.187103271484,1.21108558254633,133.652236938477,164.966367578114,1.21108558254633,128.866368611654,1.21108558254633,85.4016110618432,133.732546488444,82.348280588786,1.21108558254633,151.111984252929,1.21108558254633,1.21108558254633,128.859235127767,1.21108558254633,158.89969029483,1.21108558254633,97.6116776366667,218.564895629883,113.919956666667
"103",2010-07-01,143.407234191895,181.881373087565,1.12136599591327,145.582824707031,1.12136599591327,134.462404886881,137.164485206038,1.12136599591327,166.998402913412,1.12136599591327,110.341703446171,170.305544535319,68.0113677978516,1.12136599591327,150.804982503255,1.12136599591327,1.12136599591327,127.387181599935,1.12136599591327,139.19789326021,1.12136599591327,97.9444972966667,190.807113647461,84.3395633333333
"104",2010-10-01,162.941309611003,112.985509236654,0.9265040732983,151.276763916016,0.9265040732983,108.027142842611,103.491020763301,0.9265040732983,178.879887898763,0.9265040732983,78.3678708847781,160.453455607096,68.6780420939129,0.9265040732983,144.335957845052,0.9265040732983,0.9265040732983,128.750747680664,0.9265040732983,142.357526992448,0.9265040732983,84.87988848,257.785639444987,107.863556666667
"105",2011-01-01,130.819028218587,91.6400629679362,0.543484444649195,124.741325378418,0.543484444649195,96.1585286458334,106.321606916548,0.543484444649195,160.534200032552,0.543484444649195,69.3514479643296,123.298965454102,57.8191528320313,0.543484444649195,119.334215799967,0.543484444649195,0.543484444649195,96.8709971110025,0.543484444649195,141.62654494198,0.543484444649195,87.62442374,214.51649983724,85.92042
"106",2011-04-01,110.246973673503,111.390021006266,0.624822421780154,104.959576924642,0.624822421780154,133.431139628093,117.807872104376,0.624822421780154,158.587743123372,0.624822421780154,63.5862146450124,116.14454905192,52.0890579223633,0.624822421780154,115.324999491374,0.624822421780154,0.624822421780154,113.284764607748,0.624822421780154,142.940756259645,0.624822421780154,87.5775386166667,211.399932861328,129.330666666667
"107",2011-07-01,200.826538085937,255.671625773112,2.33433722056881,160.03635152181,2.33433722056881,186.933853149414,175.566347109131,2.33433722056881,273.798828125,2.33433722056881,143.724158209369,235.083999633789,87.8232625325522,2.33433722056881,280.823608398437,2.33433722056881,2.33433722056881,156.987665812175,2.33433722056881,104.773417861725,2.33433722056881,142.279148866667,260.108601888021,164.86
"108",2011-10-01,226.209838867187,235.391565958659,2.07971039096022,166.739125569661,2.07971039096022,129.185671488444,150.748750273775,2.07971039096022,336.684906005859,2.07971039096022,121.94384507824,154.88080851237,68.7110532124837,2.07971039096022,249.657938639323,2.07971039096022,2.07971039096022,203.501881917318,2.07971039096022,188.938747164685,2.07971039096022,105.17661797,314.491129557292,127.363043333333
"109",2012-01-01,160.158411661784,167.265660603841,1.19170694844912,124.337135314941,1.19170694844912,139.399342854818,127.240643551421,1.19170694844912,202.518559773763,1.19170694844912,147.667540027193,124.200523376465,59.8266665140788,1.19170694844912,144.400670369466,1.19170694844912,1.19170694844912,151.74301147461,1.19170694844912,145.139124143496,1.19170694844912,83.2840204633333,269.228744506836,160.1986
"110",2012-04-01,168.247116088867,202.781178792318,1.79541433259226,143.582308451335,1.79541433259226,186.718114217122,152.223834135294,1.79541433259226,227.046244303386,1.79541433259226,137.407144754027,143.43682607015,55.5540529886881,1.79541433259226,170.645060221354,1.79541433259226,1.79541433259226,159.728607177735,1.79541433259226,165.264078734828,1.79541433259226,107.293102943333,341.699452718099,225.6667
"111",2012-07-01,148.354522705078,133.317016601562,1.11541215188948,117.532450358073,1.11541215188948,126.903030395508,99.4825199196847,1.11541215188948,192.036809285482,1.11541215188948,100.734106885817,168.622009277344,47.5684712727865,1.11541215188948,209.003463745117,1.11541215188948,1.11541215188948,108.555575052897,1.11541215188948,158.796454578777,1.11541215188948,105.123591836667,210.022125244141,128.42683
"112",2012-10-01,176.339838663737,162.669479370117,1.59338273593289,152.245717366536,1.59338273593289,124.851776123047,126.649549571229,1.59338273593289,279.915171305338,1.59338273593289,153.392958306092,195.648340861003,52.9595909118652,1.59338273593289,186.679255167643,1.59338273593289,1.59338273593289,128.164443969727,1.59338273593289,131.934234587781,1.59338273593289,97.85670016,295.653747558594,170.889433333333
"113",2013-01-01,161.098579406738,96.9555257161458,1.33867069583407,131.371627807617,1.33867069583407,129.75057220459,106.90774114651,1.33867069583407,218.7203318278,1.33867069583407,170.845523218439,158.012430826823,44.5553620656331,1.33867069583407,184.102472941081,1.33867069583407,1.33867069583407,198.755579630534,1.33867069583407,151.690153608645,1.33867069583407,95.5520304433333,273.456720987956,136.501266666667
"114",2013-04-01,131.108337402344,128.718861897786,0.996423012153638,88.299575805664,0.996423012153638,104.029167175293,100.382007341153,0.996423012153638,190.438344319661,0.996423012153638,203.881309023444,123.69815826416,32.3293259938558,0.996423012153638,107.6921971639,0.996423012153638,0.996423012153638,154.741104125977,0.996423012153638,150.811002712367,0.996423012153638,98.1222302966667,283.708211263021,110.733426666667
"115",2013-07-01,112.213452657064,165.774131774902,0.864711951067802,84.6993001302083,0.864711951067802,102.558891296387,100.735190679746,0.864711951067802,137.341807047526,0.864711951067802,143.537731826348,126.695192972819,52.6738039652507,0.864711951067802,140.804133097331,0.864711951067802,0.864711951067802,156.252970377604,0.864711951067802,158.532522201664,0.864711951067802,97.02997969,201.224873860677,113.24236
"116",2013-10-01,118.016525268554,99.5590591430664,0.80979787227708,94.1650339762371,0.80979787227708,106.619913736979,86.6218817334753,0.80979787227708,177.410491943359,0.80979787227708,110.342729797939,143.43640645345,48.0387643178304,0.80979787227708,161.756205240885,0.80979787227708,0.80979787227708,144.952428181966,0.80979787227708,168.099579192431,0.80979787227708,93.2063431666667,232.366643269857,80.80637
"117",2014-01-01,80.779977162679,76.175163269043,0.476846669810676,110.914049784343,0.476846669810676,97.8352826436362,110.120019508564,0.476846669810676,165.941172281901,0.476846669810676,98.0471348981245,100.697718302409,36.6596609751383,0.476846669810676,123.854293823242,0.476846669810676,0.476846669810676,126.906018575033,0.476846669810676,117.248204626897,0.476846669810676,104.30066408,194.459671020508,86.1475666666667
"118",2014-04-01,67.6328735351563,62.4284400939941,0.0568142544447159,76.6895090738932,0.0568142544447159,87.7514877319336,85.7252312393734,0.0568142544447159,120.395444234212,0.0568142544447159,70.6490349558679,94.9923146565756,28.1994539896647,0.0568142544447159,97.6995213826498,0.0568142544447159,0.0568142544447159,104.213592529297,0.0568142544447159,103.566421526566,0.0568142544447159,94.0821627733333,174.534795125325,91.67729
"119",2014-07-01,78.8445943196614,87.2487487792969,0.500489607815575,123.697503407796,0.500489607815575,85.3709500630696,79.7019728721344,0.500489607815575,146.315368652344,0.500489607815575,136.874935514722,76.1999766031901,17.5709374745687,0.500489607815575,141.723052978516,0.500489607815575,0.500489607815575,108.075454711914,0.500489607815575,144.183777215918,0.500489607815575,121.028159666667,174.481709798177,105.25537
"120",2014-10-01,100.268610636393,81.6103363037109,0.681500204628817,101.375605265299,0.681500204628817,120.670855204265,104.097364775291,0.681500204628817,174.593902587891,0.681500204628817,88.6082809589277,97.9786173502603,25.5736052195231,0.681500204628817,137.50129699707,0.681500204628817,0.681500204628817,128.0865427653,0.681500204628817,102.722124729966,0.681500204628817,109.859878,221.593811035156,218.304233333333
"121",2015-01-01,129.892613728841,101.006914774577,0.72381648685587,128.770899454753,0.72381648685587,105.801091512044,79.7720681685322,0.72381648685587,219.425608317057,0.72381648685587,71.1484741077812,101.377553304037,30.6257915496826,0.72381648685587,147.708897908529,0.72381648685587,0.72381648685587,97.9989802042643,0.72381648685587,133.239933705728,0.72381648685587,97.6833178933333,197.130467732747,244.665266666667
"122",2015-04-01,98.352450052897,101.010729471842,0.826139235539337,153.400787353516,0.826139235539337,111.920700073242,83.6923082154581,0.826139235539337,188.475128173828,0.826139235539337,79.0271920051673,107.247980753581,26.6833248138428,0.826139235539337,143.904457092285,0.826139235539337,0.826139235539337,106.770015716553,0.826139235539337,148.065056014755,0.826139235539337,102.05305269,237.487075805664,256.580033333333
"123",2015-07-01,153.763547261556,95.9865493774414,1.09161003913751,119.106262207031,1.09161003913751,108.730954488118,110.490161829067,1.09161003913751,187.093668619792,1.09161003913751,102.027798622801,142.390360514323,49.3970489501953,1.09161003913751,166.981969197591,1.09161003913751,1.09161003913751,127.057408650716,1.09161003913751,117.702269987394,1.09161003913751,114.4167921,249.843327840169,223.8903
"124",2015-10-01,130.979067484538,63.6050898234049,0.4452054039891,97.8831532796224,0.4452054039891,136.198908487956,98.730986213504,0.4452054039891,156.650853474935,0.4452054039891,60.2115290219863,100.749684651693,23.307578086853,0.4452054039891,169.425473531087,0.4452054039891,0.4452054039891,92.6625798543294,0.4452054039891,93.6596415535452,0.4452054039891,99.9705160766667,213.101476033528,124.268333333333
"125",2016-01-01,153.656700354928,83.3884251912435,1.35394146590156,205.792836507161,1.35394146590156,209.121920267741,145.91345225723,1.35394146590156,187.053990681966,1.35394146590156,73.2630531721672,144.556416829427,45.0672302246094,1.35394146590156,192.146123250325,1.35394146590156,1.35394146590156,106.916086832682,1.35394146590156,155.028173434188,1.35394146590156,107.01720623,273.052312215169,183.3251
"126",2016-04-01,159.908861789856,149.236363728841,1.84311016514173,315.956059773763,1.84311016514173,196.375396728516,166.066012271558,1.84311016514173,195.008783976237,1.84311016514173,67.9591713393737,142.197288513184,35.3252442677816,1.84311016514173,236.544937133789,1.84311016514173,1.84311016514173,128.970560709636,1.84311016514173,190.808489872909,1.84311016514173,117.3432974,300.595982869466,200.828366666667
"127",2016-07-01,146.322716503488,159.589688618978,1.72393027409766,359.74213663737,1.72393027409766,127.26554107666,146.270282204727,1.72393027409766,220.720637003581,1.72393027409766,92.1756243305641,119.229181925456,36.4860642751058,1.72393027409766,257.957641601563,1.72393027409766,1.72393027409766,124.063667297363,1.72393027409766,216.414821112006,1.72393027409766,102.410235023333,293.466903686523,168.524033333333
"128",2016-10-01,295.349681230548,130.27100499471,2.20436993027759,275.065195719401,2.20436993027759,179.801274617513,121.229727095907,2.20436993027759,328.17566426595,2.20436993027759,65.1415947155701,174.530072530111,81.8730303446454,2.20436993027759,239.098378499349,2.20436993027759,2.20436993027759,157.306284586588,2.20436993027759,212.645363546591,2.20436993027759,105.15249186,371.162089029948,183.4514
"129",2017-01-01,303.958469684698,102.510739644368,2.11699981198122,228.117609659831,2.11699981198122,137.781135559082,128.072084591058,2.11699981198122,285.931315104167,2.11699981198122,87.8302322399675,175.809341430664,110.20304107666,2.11699981198122,242.721654256185,2.11699981198122,2.11699981198122,108.520696004232,2.11699981198122,130.890333123144,2.11699981198122,118.61653298,454.65190633138,265.753333333333
"130",2017-04-01,134.436575581906,73.4903208414714,1.21124985017672,215.856206258138,1.21124985017672,102.653691609701,97.7747282344525,1.21124985017672,222.743576049805,1.21124985017672,54.491146870669,136.067690531413,50.4736124674479,1.21124985017672,182.815841674805,1.21124985017672,1.21124985017672,74.8032760620117,1.21124985017672,221.41562775289,1.21124985017672,90.6114829483826,390.486307779948,183.735266666667
"131",2017-07-01,96.4784174776241,70.2654584248861,0.646332020842632,158.547358194987,0.646332020842632,59.4384676615397,81.3327682596219,0.646332020842632,250.914891560872,0.646332020842632,76.9529043548873,131.872683207194,34.4953568776449,0.646332020842632,137.323318481445,0.646332020842632,0.646332020842632,65.6431439717611,0.646332020842632,172.520392342094,0.646332020842632,101.410287175295,199.000345865885,114.778363333333
"132",2017-10-01,108.212565752629,84.3964920043945,0.853187221875158,186.574137369792,0.853187221875158,189.613563537598,83.0838449071477,0.853187221875158,214.890533447266,0.853187221875158,72.2425781180424,125.832903544108,63.5322672526042,0.853187221875158,147.676930745443,0.853187221875158,0.853187221875158,63.8985799153646,0.853187221875158,189.389371226096,0.853187221875158,91.6780876378334,224.335642496745,104.856
"133",2018-01-01,98.7355345342102,66.9696032206217,1.00287587479837,116.504709879557,1.00287587479837,121.868581136068,76.9215161570983,1.00287587479837,386.221486409505,1.00287587479837,77.1777813584462,154.272880554199,55.5653839111328,1.00287587479837,120.274642944336,1.00287587479837,1.00287587479837,86.4980850219726,1.00287587479837,171.621020535708,1.00287587479837,118.69685572152,202.913436889648,113.151903333333
"134",2018-04-01,121.716521927009,72.0973243713379,0.883033166911314,109.772496541341,0.883033166911314,118.981658935547,86.6246408605436,0.883033166911314,329.652364095052,0.883033166911314,47.7979086058555,145.238276163737,72.166550954183,0.883033166911314,171.807858784993,0.883033166911314,0.883033166911314,113.934819539388,0.883033166911314,90.1173809053466,0.883033166911314,107.59901992644,273.89235941569,115.698763333333
"135",2018-07-01,152.866114735187,92.2578862508138,1.09016257964851,136.189404805501,1.09016257964851,80.0836181640625,101.684558200914,1.09016257964851,307.823811848958,1.09016257964851,87.7059228567154,137.383888244629,55.4230715433757,1.09016257964851,208.389979044596,1.09016257964851,1.09016257964851,99.4969177246094,1.09016257964851,173.615006377873,1.09016257964851,108.402586282992,218.310490926107,94.57222
"136",2018-10-01,207.496669474548,91.6955744425456,1.63907011154684,204.970052083333,1.63907011154684,142.431142171224,109.336807452966,1.63907011154684,303.031005859375,1.63907011154684,60.5908583043731,175.877914428711,92.2598737080892,1.63907011154684,189.32590230306,1.63907011154684,1.63907011154684,158.590311686198,1.63907011154684,185.362166635605,1.63907011154684,109.372466690601,305.442443847656,126.31044
"137",2019-01-01,189.751675330221,117.191464742025,1.5825351534213,239.904820760091,1.5825351534213,118.868431091309,116.438502719112,1.5825351534213,273.014221191406,1.5825351534213,130.457141772579,196.135630289714,90.7267659505208,1.5825351534213,190.802805582682,1.5825351534213,1.5825351534213,145.449005126953,1.5825351534213,120.083614815761,1.5825351534213,102.27118332376,289.773549397786,124.233513333333
"138",2019-04-01,205.861933376279,131.718668619792,1.19915615120105,147.860829671224,1.19915615120105,122.134391784668,129.048026861523,1.19915615120105,304.10698445638,1.19915615120105,70.7254595591683,161.116457621257,62.7247250874837,1.19915615120105,170.97526550293,1.19915615120105,1.19915615120105,141.236106872559,1.19915615120105,142.05746726992,1.19915615120105,91.2990946928284,203.458480834961,71.4519266666667
"139",2019-07-01,64.2257740893666,59.1161020616082,-0.0952545881303308,72.8905240463327,-0.0952545881303308,114.530921936035,36.9024165760989,-0.0952545881303308,331.787231445312,-0.0952545881303308,43.6250227056262,42.3512835713758,75.3307370870228,-0.0952545881303308,60.6998149941186,-0.0952545881303308,-0.0952545881303308,88.9167633056641,-0.0952545881303308,50.2478273163677,-0.0952545881303308,114.693268611729,103.34771279985,61.878295584086
