"","KOR","AUS","ISL","GBR","DNK","ESP","JPN","NOR","CAN","FIN","NLD","USA","MEX","BEL","DEU","LUX","PRT","ITA","AUT","IRL","CHE","SWE","FRA","GRC"
"1",0.450727163802885,-5.610639016,1.55669995803879,3.52478889761927,1.55669995803879,0.928300950830272,3.63697620498748,1.55669995803879,0.592567394757839,1.55669995803879,1.55669995803879,6.084518621,0.378076028427817,1.55669995803879,-3.1924499476089,1.55669995803879,1.55669995803879,0.521000467061193,1.55669995803879,1.55669995803879,0.576013127124158,0.537698799459887,4.89700498823487,1.55669995803879
"2",1.76682341997525,-2.125781887,2.81562526357993,5.68174594471995,2.81562526357993,3.6388839910911,4.51780534814244,2.81562526357993,2.32282860908231,2.81562526357993,2.81562526357993,9.228095459,1.48203533135541,2.81562526357993,-3.4901293702304,2.81562526357993,2.81562526357993,2.04229054946492,2.81562526357993,2.81562526357993,2.25793687389388,2.10774700988239,3.08201608684761,2.81562526357993
"3",2.72048858385951,-0.73704032,3.72786340892551,5.78108015465826,3.72786340892551,5.60301739485158,4.50190332559557,3.72786340892551,3.57660456717242,3.72786340892551,3.72786340892551,9.455920765,2.2819825423671,3.72786340892551,-0.718762443797413,3.72786340892551,3.72786340892551,3.14464256129303,3.72786340892551,3.72786340892551,3.4766867017134,3.24542996952655,4.08407897209667,3.72786340892551
"4",4.55842650122381,2.299082303,5.48596168124556,8.52132239953636,5.48596168124556,9.3883661674018,7.00821842843309,5.48596168124556,5.99292683679163,5.48596168124556,5.48596168124556,10.43427981,3.82366967395937,5.48596168124556,1.67240607717138,5.48596168124556,5.48596168124556,5.26913513746056,5.48596168124556,5.48596168124556,5.82550534913812,5.43801362326166,2.98046106933253,5.48596168124556
"5",7.76197109663167,2.392888193,8.55034495843675,13.5887751832641,8.55034495843675,15.9862678089475,19.1920763905984,8.55034495843675,10.2046012761018,8.55034495843675,8.55034495843675,8.350902015,6.51084611858316,8.55034495843675,2.11645818492984,8.55034495843675,8.55034495843675,8.97214743513689,8.55034495843675,8.55034495843675,9.91952028427873,9.25970936583361,5.66096978382821,8.55034495843675
"6",6.30289489845299,5.215292522,7.15465073015734,6.51188747115878,7.15465073015734,12.981208582707,11.7226809922418,7.15465073015734,8.28636547639301,7.15465073015734,7.15465073015734,11.56433245,5.28695331051135,7.15465073015734,4.14674364855008,7.15465073015734,7.15465073015734,7.28558527119904,7.15465073015734,7.15465073015734,8.05487330686052,7.5190920188297,3.76696729699335,7.15465073015734
"7",8.40590934890867,7.618587853,9.16631066550072,8.81569598035262,9.16631066550072,17.3124991521424,13.1992373268394,9.16631066550072,11.0511817424692,9.16631066550072,9.16631066550072,14.74583314,7.0509902157783,9.16631066550072,4.75579037205653,9.16631066550072,9.16631066550072,9.71648271629515,9.16631066550072,9.16631066550072,10.7424502431466,10.0279009748201,5.86271932075578,9.16631066550072
"8",9.10464566937881,8.468284076,9.83469402394814,9.1453349694536,9.83469402394814,18.7515905643381,19.023343928974,9.83469402394814,11.9698047905017,9.83469402394814,9.83469402394814,8.314322749,7.63709967217918,9.83469402394814,6.13470595477338,9.83469402394814,9.83469402394814,10.5241596848764,9.83469402394814,9.83469402394814,11.6354101650501,10.8614644048247,7.92217246548785,9.83469402394814
"9",6.84373699341491,5.910990767,7.67199875577187,6.50340141616788,7.67199875577187,14.0951069037359,14.9533602046538,7.67199875577187,8.99740624989098,7.67199875577187,7.67199875577187,-3.281680101,5.74061895946968,7.67199875577187,12.5616783292484,7.67199875577187,7.67199875577187,7.91075057453705,7.67199875577187,7.67199875577187,8.74605007945822,8.16429419103685,9.38424191856119,7.67199875577187
"10",4.4400081956767,2.176867579,5.37268744253134,8.95631008237098,5.37268744253134,9.14447621697678,10.6392391314212,5.37268744253134,5.83724323827575,5.37268744253134,5.37268744253134,-6.402819377,3.72433880098367,5.37268744253134,8.70240275363359,5.37268744253134,5.37268744253134,5.1322541206208,5.37268744253134,5.37268744253134,5.67417100773427,5.2967454995712,8.16412448576228,5.37268744253134
"11",2.88786008246763,0.14252187,3.88796432406444,6.26466528988581,3.88796432406444,5.94772952621928,9.6664777888049,3.88796432406444,3.79664653679799,3.88796432406444,3.88796432406444,-3.883154086,2.42237601439987,3.88796432406444,5.15065731080656,3.88796432406444,3.88796432406444,3.33810911035085,3.88796432406444,3.88796432406444,3.6905814656573,3.445097220788,5.98661777088938,3.88796432406444
"12",1.94722146039565,-0.875374094,2.98818685023453,5.37764766719642,2.98818685023453,4.010425104871,9.65496660693177,2.98818685023453,2.55999646896769,2.98818685023453,2.98818685023453,-3.55379487,1.63335564247856,2.98818685023453,2.52592499014871,2.98818685023453,2.98818685023453,2.25081462092971,2.98818685023453,2.98818685023453,2.48847909041552,2.32295438487297,4.79975080113031,2.98818685023453
"13",0.999794517609185,-2.543415782,2.08191593894553,2.97335926974037,2.08191593894553,2.0591397099319,8.0481799121614,2.08191593894553,1.31442185022587,2.08191593894553,2.08191593894553,-6.881251761,0.8386411355205,2.08191593894553,6.56375405415953,2.08191593894553,2.08191593894553,1.15567343721801,2.08191593894553,2.08191593894553,1.27770148510843,1.19271336408768,4.33086994061189,2.08191593894553
"14",0.629310223645948,-2.566473887,1.72752540649896,4.07332703644164,1.72752540649896,1.29610399792373,8.38809017036707,1.72752540649896,0.827349114204786,1.72752540649896,1.72752540649896,-3.363529866,0.527873909346039,1.72752540649896,1.27053141933439,1.72752540649896,1.72752540649896,0.727426582590681,1.72752540649896,1.72752540649896,0.804235863654387,0.750740977950558,2.56320756585066,1.72752540649896
"15",0.30022029007678,-3.176379215,1.41273107194626,3.68907637231603,1.41273107194626,0.618322575425464,6.06203190309514,1.41273107194626,0.394697212484936,1.41273107194626,1.41273107194626,-2.515330114,0.25182883136663,1.41273107194626,1.62886211916605,1.41273107194626,1.41273107194626,0.347027922682853,1.41273107194626,1.41273107194626,0.383670748073384,0.358150345734166,2.78812536610034,1.41273107194626
"16",0.463922947077043,-1.850639242,1.56932251920205,2.51273352362616,1.56932251920205,0.955478496680844,8.33019363740766,1.56932251920205,0.609915785413026,1.56932251920205,1.56932251920205,-0.966156008,0.389144829540656,1.56932251920205,-2.10808581298402,1.56932251920205,1.56932251920205,0.536253617528249,1.56932251920205,1.56932251920205,0.592876864211734,0.55344082122885,3.49788901716248,1.56932251920205
"17",1.18520834910518,-2.754734688,2.25927543174321,2.89114371335252,2.25927543174321,2.44101116099467,5.99024606354209,2.25927543174321,1.55818393049334,2.25927543174321,2.25927543174321,2.209423459,0.994168759895601,2.25927543174321,1.55200318910176,2.25927543174321,2.25927543174321,1.36999531654291,2.25927543174321,2.25927543174321,1.51465370247864,1.4139043696563,3.66757085346287,2.25927543174321
"18",1.48919515309961,-2.623663692,2.55005711150588,3.69304418782333,2.55005711150588,3.0670911087994,6.31188590451304,2.55005711150588,1.95783294867969,2.55005711150588,2.55005711150588,3.05599951,1.24915699397271,2.55005711150588,0.310476040932469,2.55005711150588,2.55005711150588,1.72137699393124,2.55005711150588,2.55005711150588,1.90313792006151,1.77654801016902,4.55260071776646,2.55005711150588
"19",1.28641318118587,-2.472832045,2.35608394673737,2.49289137037378,2.35608394673737,2.64944887984981,5.69719940153527,2.35608394673737,1.69123711321473,2.35608394673737,2.35608394673737,3.407253049,1.07906073899874,2.35608394673737,0.626231660980611,2.35608394673737,2.35608394673737,1.4869790908023,2.35608394673737,2.35608394673737,1.64398984302766,1.53463753392843,4.38576024353456,2.35608394673737
"20",0.456001177912441,-3.004863345,1.56174487006035,1.83492783529321,1.56174487006035,0.939163114697401,5.44806196440815,1.56174487006035,0.599501098895943,1.56174487006035,1.56174487006035,4.361435449,0.382499942645877,1.56174487006035,-2.41978390012402,1.56174487006035,1.56174487006035,0.527096757755507,1.56174487006035,1.56174487006035,0.58275312773586,0.543990479400178,3.15069121678477,1.56174487006035
"21",1.00320716616223,-3.388118777,2.08518034274746,2.24411369258085,2.08518034274746,2.06616827432974,4.74080650216762,2.08518034274746,1.31890843196468,2.08518034274746,2.08518034274746,3.827596943,0.841503711187053,2.08518034274746,0.93764912142452,2.08518034274746,2.08518034274746,1.15961815507138,2.08518034274746,2.08518034274746,1.2820627273913,1.19678451217307,4.14903457431177,2.08518034274746
"22",1.56870512189766,-3.650315466,2.62611318361551,2.24644453301075,2.62611318361551,3.23084689181672,5.81867129616788,2.62611318361551,2.062364068283,2.62611318361551,2.62611318361551,3.21955542,1.31585102894046,2.62611318361551,-0.804288978978842,2.62611318361551,2.62611318361551,1.81328343802104,2.62611318361551,2.62611318361551,2.00474880452318,1.87140010296746,8.92661229749325,2.62611318361551
"23",0.71920820626783,-4.493777997,1.81351823924885,1.2644095926167,1.81351823924885,1.48125454896111,5.77548858315576,1.81351823924885,0.945537272439533,1.81351823924885,1.81351823924885,2.837032441,0.60328155051545,1.81351823924885,-1.95955163177322,1.81351823924885,1.81351823924885,0.831340645676398,1.81351823924885,1.81351823924885,0.91912225668933,0.85798554009723,7.45750844749387,1.81351823924885
"24",0.300446665486821,-4.674709504,1.41294761365506,1.83187483785683,1.41294761365506,0.61878880982459,4.10921604950035,1.41294761365506,0.394994826424672,1.41294761365506,1.41294761365506,4.976091896,0.252018718115944,1.41294761365506,-3.98991898898563,1.41294761365506,1.41294761365506,0.347289592499616,1.41294761365506,1.41294761365506,0.383960047716968,0.358420402202872,6.22513139155879,1.41294761365506
"25",0.187520796811193,-5.532785965,1.30492722148448,2.89205325548839,1.30492722148448,0.38621087868671,4.35002710728581,1.30492722148448,0.246532090703808,1.30492722148448,1.30492722148448,4.185153521,0.15729497531904,1.30492722148448,-3.43130396860609,1.30492722148448,1.30492722148448,0.216757343617845,1.30492722148448,1.30492722148448,0.239644843369739,0.223704527742276,5.36641937873879,1.30492722148448
"26",-0.644146558775856,-3.198738806,0.509387324740105,0.109118333214528,0.509387324740105,-1.32666036353465,3.53447629982746,0.509387324740105,-0.846854325254211,0.509387324740105,0.509387324740105,4.671219669,-0.540318827497883,0.509387324740105,-8.7786444262007,0.509387324740105,0.509387324740105,-0.744576064922611,0.509387324740105,0.509387324740105,-0.823196167091918,-0.768440109994051,6.71889287859934,0.509387324740105
"27",1.01826481759348,-3.068576254,2.09958389289807,3.01339596725125,2.09958389289807,2.09718045478711,2.37144542898417,2.09958389289807,1.33870460578412,2.09958389289807,2.09958389289807,4.840042327,0.854134272439547,2.09958389289807,-1.07786998312143,2.09958389289807,2.09958389289807,1.1770234593409,2.09958389289807,2.09958389289807,1.30130586511319,1.21474766537856,6.51906587127445,2.09958389289807
"28",0.379666335034361,-2.678154001,1.4887259970539,1.99685090169251,1.4887259970539,0.781946703271638,2.71413841236064,1.4887259970539,0.499144291926805,1.4887259970539,1.4887259970539,6.513707086,0.318469246154224,1.4887259970539,-4.15235194948098,1.4887259970539,1.4887259970539,0.438860476505071,1.4887259970539,1.4887259970539,0.485199940162804,0.452926180044009,4.5381655327512,1.4887259970539
"29",1.76709318640472,-0.26468509,2.8158833114112,3.16004997454376,2.8158833114112,3.63943959202463,1.64658783701768,2.8158833114112,2.32318326884799,2.8158833114112,2.8158833114112,6.426778364,1.48226161507747,2.8158833114112,-0.542571878044596,2.8158833114112,2.8158833114112,2.04260237543645,2.8158833114112,2.8158833114112,2.25828162570187,2.10806883003638,6.46914066095034,2.8158833114112
"30",1.1864040261637,0.610123842,2.26041916883627,1.67727053352723,2.26041916883627,2.44347373312134,3.23889730486381,2.26041916883627,1.55975587755232,2.26041916883627,2.26041916883627,2.976327713,0.995171709950252,2.26041916883627,0.586159078440405,2.26041916883627,2.26041916883627,1.37137741275538,2.26041916883627,2.26041916883627,1.51618173481576,1.4153307627618,4.47373654118621,2.26041916883627
"31",-0.68992599906217,-1.200472482,0.465596533922444,1.24114710285658,0.465596533922444,-1.42094600096485,-0.046946702028708,0.465596533922444,-0.907040188992826,0.465596533922444,0.465596533922444,-2.12492848,-0.578719239891637,0.465596533922444,-0.286120209874859,0.465596533922444,0.465596533922444,-0.797493021534971,0.465596533922444,0.465596533922444,-0.881700647573696,-0.823053082228095,5.21089997458165,0.465596533922444
"32",-0.960455088921257,-2.942462814,0.206819172075732,3.76811978558928,0.206819172075732,-1.97811768155445,-0.119815020827634,0.206819172075732,-1.2627026181916,0.206819172075732,0.206819172075732,0.894204687,-0.805642691775814,0.206819172075732,-5.57832564801719,0.206819172075732,0.206819172075732,-1.11020056057263,0.206819172075732,0.206819172075732,-1.22742710815137,-1.1457830584046,5.21919404270993,0.206819172075732
"33",-0.497247460163756,-2.762333405,0.649905156727416,3.87132204856012,0.649905156727416,-2.16840022479452,0.468459636493631,0.649905156727416,-0.925022403141839,0.649905156727416,0.649905156727416,0.999864806,-0.417097880896187,0.649905156727416,-2.83804340295598,0.649905156727416,0.649905156727416,5.14794673848481,0.649905156727416,0.649905156727416,-5.86460610656955,4.979731898,6.2400371389249,0.649905156727416
"34",0.45875291574874,0.143745085,1.56437707297111,4.49176852399033,1.56437707297111,-2.60227270471415,-0.154994818909817,1.56437707297111,6.87282441496554,1.56437707297111,1.56437707297111,3.337821053,0.384808137482959,1.56437707297111,-3.14996132189487,1.56437707297111,1.56437707297111,8.06494935676476,1.56437707297111,1.56437707297111,-10.4790941453109,3.3585408,7.32482155979128,1.56437707297111
"35",2.70500967931119,-0.706773921,3.71305690480657,4.10960665214066,3.71305690480657,-4.11843452017407,1.67803096834658,3.71305690480657,12.2019637780585,3.71305690480657,3.71305690480657,6.142072292,2.26899862831438,3.71305690480657,0.250671632759664,3.71305690480657,3.71305690480657,10.0330669928052,3.71305690480657,3.71305690480657,-1.57857665123075,3.643001522,9.18899720716655,3.71305690480657
"36",2.8078717987013,1.193910303,3.81145071489037,5.58031474405317,3.81145071489037,-3.16462461773206,2.88233172084217,3.81145071489037,5.82965347209544,3.81145071489037,3.81145071489037,2.662994534,2.35528076238095,3.81145071489037,-0.324989103321509,3.81145071489037,3.81145071489037,7.87877535660223,3.81145071489037,3.81145071489037,5.94527633057226,4.850308331,8.59200679268232,3.81145071489037
"37",3.79333662552038,4.303168838,4.75410715235445,7.32881842284787,4.75410715235445,-0.94060273698547,1.60013765652637,4.75410715235445,10.7093857183307,4.75410715235445,4.75410715235445,3.447422527,3.18190195985996,4.75410715235445,-1.59531668602779,4.75410715235445,4.75410715235445,8.0050396169415,4.75410715235445,4.75410715235445,7.61424098211774,2.871182773,8.95170156414802,4.75410715235445
"38",3.32637058760756,3.651042332,4.307426023068,6.83712497496344,4.307426023068,0.417557497638101,1.43348403616516,4.307426023068,8.63233076118468,4.307426023068,4.307426023068,4.242115015,2.79020454465389,4.307426023068,-0.565352224996846,4.307426023068,4.307426023068,7.63350562585167,4.307426023068,4.307426023068,-0.534303603090319,4.330026226,11.3041556130321,4.307426023068
"39",1.97315714394162,4.233112918,3.01299589302254,7.08767298206364,3.01299589302254,3.08463303646883,2.31560397427217,3.01299589302254,-1.42745696793707,3.01299589302254,3.01299589302254,-0.534240447,1.65511084388885,3.01299589302254,-2.78961221333205,3.01299589302254,3.01299589302254,5.73506631446862,3.01299589302254,3.01299589302254,-0.402356536006307,5.127532911,10.7129988512502,3.01299589302254
"40",1.3376168280408,3.188615126,2.40506331770613,6.09786188014239,2.40506331770613,3.35128171314389,2.83665370140266,2.40506331770613,-3.99199729477084,2.40506331770613,2.40506331770613,-4.6992181,1.12201104907235,2.40506331770613,-3.20517700221618,2.40506331770613,2.40506331770613,6.77709581847562,2.40506331770613,2.40506331770613,0.256984610215232,5.191191676,10.6524043663747,2.40506331770613
"41",0.782333410452314,3.244173232,1.87390129754918,3.73890946402365,1.87390129754918,5.16250964626297,1.84304676309009,1.87390129754918,-7.79976467205458,1.87390129754918,1.87390129754918,-6.340859012,0.656231823781433,1.87390129754918,-5.2765808830811,1.87390129754918,1.87390129754918,7.20573177382623,1.87390129754918,1.87390129754918,3.43561879245313,5.342547866,10.0575813025206,1.87390129754918
"42",0.516666986965225,2.014027148,1.61977536884757,2.54559498694039,1.61977536884757,5.99709214365168,0.948575070075912,1.61977536884757,-7.11009446291074,1.61977536884757,1.61977536884757,-5.38150514,0.433387242081123,1.61977536884757,-7.06559201968634,1.61977536884757,1.61977536884757,7.48296039984955,1.61977536884757,1.61977536884757,5.97195155354745,4.144567396,8.2699519818554,1.61977536884757
"43",0.30914558528369,-1.707279012,1.42126865416542,1.42241612759729,1.42126865416542,7.25409826111013,1.65181829184032,1.42126865416542,-5.61464550087335,1.42126865416542,1.42126865416542,-3.248772665,0.259315489450211,1.42126865416542,-7.1445569193699,1.42126865416542,1.42126865416542,6.63799352280317,1.42126865416542,1.42126865416542,4.99437684924229,3.983365214,7.40514102646971,1.42126865416542
"44",0.388187464548169,-0.781092641,1.49687697045452,2.12675164674767,1.49687697045452,6.54609576137378,2.26261820909861,1.49687697045452,-5.64307452922354,1.49687697045452,1.49687697045452,-0.810945165,0.325616884599437,1.49687697045452,-6.34183966144895,1.49687697045452,1.49687697045452,6.15452719372586,1.49687697045452,1.49687697045452,2.88293875197484,3.307805019,6.76186208975148,1.49687697045452
"45",1.0536911785675,-1.988872731,2.13347134003901,3.23916724043606,2.13347134003901,8.77025701092889,1.708632101756,2.13347134003901,-3.77814971417821,2.13347134003901,2.13347134003901,1.625759268,0.883850382171433,2.13347134003901,-4.36532684757034,2.13347134003901,2.13347134003901,6.3513231138288,2.13347134003901,2.13347134003901,2.16798210142094,3.184572219,6.552840977807,2.13347134003901
"46",1.30753405422767,0.640132105,2.37628733339906,4.66047013587609,2.37628733339906,7.37500601117661,1.07124428193544,2.37628733339906,-3.84234813963983,2.37628733339906,2.37628733339906,2.620072061,1.09677721237301,2.37628733339906,-5.7978067076706,2.37628733339906,2.37628733339906,6.24147680409784,2.37628733339906,2.37628733339906,3.01571318374299,3.317087833,6.83811309887106,2.37628733339906
"47",1.44752332654121,1.841452387,2.51019550052078,4.05124809039641,2.51019550052078,6.90883649628631,1.9037895343761,2.51019550052078,-5.26717155728728,2.51019550052078,2.51019550052078,2.249105165,1.21420210341407,2.51019550052078,-4.52055792343182,2.51019550052078,2.51019550052078,6.30002148005592,2.51019550052078,2.51019550052078,3.68161054964593,4.761399386,5.70241689768701,2.51019550052078
"48",1.20088018413629,3.083146427,2.27426648548445,4.12759171432002,2.27426648548445,4.28285689217472,2.17514166666443,2.27426648548445,-6.10984867132929,2.27426648548445,2.27426648548445,1.857925413,1.00731450664125,2.27426648548445,-4.18388585611521,2.27426648548445,2.27426648548445,6.1182115938277,2.27426648548445,2.27426648548445,4.09476331236333,4.55523245,5.01579639842328,2.27426648548445
"49",0.880941202923826,4.371003635,1.96822558780054,2.26180433139109,1.96822558780054,3.21467811565397,2.94736099361682,1.96822558780054,-5.08239197945533,1.96822558780054,1.96822558780054,-0.458098298,0.738945371008349,1.96822558780054,-6.67418964315362,1.96822558780054,1.96822558780054,5.05449993198421,1.96822558780054,1.96822558780054,5.58405257688045,5.409387469,5.02237433288839,1.96822558780054
"50",0.490924874442773,7.275771569,1.59515148839763,-1.31290963429026,1.59515148839763,2.56458931451265,3.5067285612113,1.59515148839763,-6.59752819794272,1.59515148839763,1.59515148839763,-0.291480767,0.411794410657972,1.59515148839763,-5.85173593843739,1.59515148839763,1.59515148839763,4.78215548587688,1.59515148839763,1.59515148839763,3.41671110442245,5.479643637,4.57472123802105,1.59515148839763
"51",1.41052814089327,7.498760615,2.47480737812703,1.80999891544767,2.47480737812703,4.05919265187448,3.65399491275256,2.47480737812703,-5.56798540859276,2.47480737812703,2.47480737812703,0.366987779,1.1831700423714,2.47480737812703,-3.1680240630146,2.47480737812703,2.47480737812703,4.57241758083689,2.47480737812703,2.47480737812703,2.57694644745297,6.549225678,4.8713660506401,2.47480737812703
"52",1.0905510906721,9.528248787,2.16873006514432,0.871790245317631,2.16873006514432,1.06915990025365,4.40161653532003,2.16873006514432,-5.72492060328442,2.16873006514432,2.16873006514432,0.881313154,0.914768973940175,2.16873006514432,-3.69716832260773,2.16873006514432,2.16873006514432,3.78410856759239,2.16873006514432,2.16873006514432,2.30722066047434,5.655434982,4.77922681052157,2.16873006514432
"53",1.71547714702308,10.90555526,2.76650946216226,2.54300050744594,2.76650946216226,1.01388880026049,2.56447785361647,2.76650946216226,-2.60230766572688,2.76650946216226,2.76650946216226,-2.13375766,1.43896538458643,2.76650946216226,-1.48303019185806,2.76650946216226,2.76650946216226,4.69684042881477,2.76650946216226,2.76650946216226,3.93816646203982,6.318013763,4.67075652619229,2.76650946216226
"54",1.70163668672791,11.70342733,2.75327022861516,2.2927277691742,2.75327022861516,1.94874329818303,2.5196261935608,2.75327022861516,-3.0706202400497,2.75327022861516,2.75327022861516,-0.022358063,1.42735581968721,2.75327022861516,0.674993274423111,2.75327022861516,2.75327022861516,3.39248353461986,2.75327022861516,2.75327022861516,3.27821350009852,5.383970001,2.18476591675693,2.75327022861516
"55",2.03624745121581,12.98515433,3.07334557032718,1.86733681504292,3.07334557032718,2.40298995922797,3.32748882041408,3.07334557032718,-1.86350251515791,3.07334557032718,3.07334557032718,1.250239474,1.70803184515548,3.07334557032718,0.259179781891503,3.07334557032718,3.07334557032718,2.69139080040466,3.07334557032718,3.07334557032718,3.95773549234211,4.879013517,2.04977479843368,3.07334557032718
"56",1.65790165556682,11.36582674,2.71143503821088,2.41308042466201,2.71143503821088,1.53796160437788,3.51650526340084,2.71143503821088,-3.31013672265222,2.71143503821088,2.71143503821088,0.784219983,1.39067028526092,2.71143503821088,0.480887938382766,2.71143503821088,2.71143503821088,2.34928632702516,2.71143503821088,2.71143503821088,2.96655895540071,5.237081659,2.48451324772251,2.71143503821088
"57",1.3926207437686,9.878695881,2.45767787464969,2.04611229083498,2.45767787464969,5.16026404845923,3.63355047081053,2.45767787464969,-9.40877747803421,2.45767787464969,2.45767787464969,-1.305069743,1.16814907596846,2.45767787464969,2.1077184177741,2.45767787464969,2.45767787464969,3.02031034526198,2.45767787464969,2.45767787464969,3.03363493828538,6.096018576,2.77199887375456,2.45767787464969
"58",2.32763010394618,8.314185042,3.35207062056388,2.46874924335354,3.35207062056388,6.86831147633018,4.90084991217565,3.35207062056388,-3.20765049101265,3.35207062056388,3.35207062056388,0.635203403,1.95244754703503,3.35207062056388,0.922690432099829,3.35207062056388,3.35207062056388,2.6172091507714,3.35207062056388,3.35207062056388,3.44879492722971,6.945168426,2.95926530425504,3.35207062056388
"59",1.64510662203914,6.677723415,2.69919581830756,1.68119466755182,2.69919581830756,6.35062442282859,4.46444563919206,2.69919581830756,-3.0886788474089,2.69919581830756,2.69919581830756,-0.667397422,1.37993763844432,2.69919581830756,-1.27626079776295,2.69919581830756,2.69919581830756,2.83581571332042,2.69919581830756,2.69919581830756,3.80675395515809,5.314521612,3.592411643504,2.69919581830756
"60",3.92280880027543,7.903045863,4.87795508247213,1.48456169652927,4.87795508247213,3.82888626824153,3.99838735819822,4.87795508247213,-0.562185467694276,4.87795508247213,4.87795508247213,16.75262914,3.29050496752051,4.87795508247213,5.35553285947554,4.87795508247213,4.87795508247213,2.60814705971,4.87795508247213,4.87795508247213,2.65664149673177,5.380834604,4.25102502900136,4.87795508247213
"61",2.91312775383445,9.211242543,3.91213437298495,3.81397293957022,3.91213437298495,1.91210659664313,3.24415333855302,3.91213437298495,-4.1695460630174,3.91213437298495,3.91213437298495,9.867725618,2.44357087817818,3.91213437298495,3.19509697720146,3.91213437298495,3.91213437298495,2.70503354673274,3.91213437298495,3.91213437298495,3.39479946321411,5.748692402,4.11020074093716,3.91213437298495
"62",2.02270397190802,8.532974247,3.06039041697447,4.31492548063157,3.06039041697447,0.405591639542572,2.65892813308158,3.06039041697447,-3.24593324929221,3.06039041697447,3.06039041697447,4.849031175,1.6966713919168,3.06039041697447,0.0452565623035328,3.06039041697447,3.06039041697447,3.09382951924641,3.06039041697447,3.06039041697447,4.01237793686325,5.248641305,3.74867183734241,3.06039041697447
"63",1.70900258925253,7.307976252,2.76031615784936,3.3455789287747,2.76031615784936,-0.504308783300008,3.42865453503304,2.76031615784936,-0.648699627906425,2.76031615784936,2.76031615784936,2.651292218,1.43353443814188,2.76031615784936,-2.26242936151497,2.76031615784936,2.76031615784936,3.45880978048996,2.76031615784936,2.76031615784936,5.18624571992592,5.371542212,3.02881586284077,2.76031615784936
"64",1.38601511393581,6.282133755,2.45135919201797,2.21484039594799,2.45135919201797,1.19097281545306,3.58274249433498,2.45135919201797,-3.36323464984204,2.45135919201797,2.45135919201797,0.736026095,1.16260818450903,2.45135919201797,-2.11498002891854,2.45135919201797,2.45135919201797,3.59972923286037,2.45135919201797,2.45135919201797,6.87176403900057,5.168947914,2.79600904936129,2.45135919201797
"65",1.40330483999503,7.107448762,2.46789785593389,3.55694890526944,2.46789785593389,2.56535692778927,3.35901335516712,2.46789785593389,-3.116627245473,2.46789785593389,2.46789785593389,-1.590175902,1.17711104008562,2.46789785593389,-3.71226032225815,2.46789785593389,2.46789785593389,4.0348936165153,2.46789785593389,2.46789785593389,7.74301829985245,4.866402106,2.33285791241039,2.46789785593389
"66",1.87154623534274,9.647753863,2.91579894139061,3.71110433188139,2.91579894139061,2.00507383217208,3.23169068447978,2.91579894139061,-0.907560671396233,2.91579894139061,2.91579894139061,-1.63207805,1.56987824232147,2.91579894139061,-3.7262733054765,2.91579894139061,2.91579894139061,4.10410227758631,2.91579894139061,2.91579894139061,8.90286886084173,4.675623308,2.06148322420816,2.91579894139061
"67",2.3073249881084,7.719889243,3.33264755478109,3.69027065666971,3.33264755478109,2.87660925236811,4.75864585561255,3.33264755478109,-1.64368054479269,3.33264755478109,3.33264755478109,0.42800755,1.93541534181371,3.33264755478109,-2.22987206929037,3.33264755478109,3.33264755478109,4.67051138366108,3.33264755478109,3.33264755478109,9.04966993461715,5.455820453,1.88325138774645,3.33264755478109
"68",2.22893630151816,6.773201037,3.25766405661083,2.70367689790462,3.25766405661083,2.08696114239312,5.8320954163113,3.25766405661083,-0.649743675741001,3.25766405661083,3.25766405661083,-0.505838423,1.86966185349573,3.25766405661083,-1.60032341089354,3.25766405661083,3.25766405661083,4.0727147031744,3.25766405661083,3.25766405661083,9.57612787951651,6.106447425,1.4389856310537,3.25766405661083
"69",2.40582480454384,6.131411376,3.42686855945317,3.83220203797525,3.42686855945317,1.24219458702128,5.35639790849283,3.42686855945317,3.23198719145047,3.42686855945317,3.42686855945317,1.483839128,2.01803831728422,3.42686855945317,-2.91672864465715,3.42686855945317,3.42686855945317,3.17837376772949,3.42686855945317,3.42686855945317,10.3621536322373,4.549676616,1.24404655373541,3.42686855945317
"70",1.5603925631179,3.58940581,2.61816172067914,0.515485857151741,2.61816172067914,0.341907771530308,4.33883339781641,2.61816172067914,3.77582588315725,2.61816172067914,2.61816172067914,0.918386,1.30887834244203,2.61816172067914,-1.03441709557534,2.61816172067914,2.61816172067914,1.98812574615295,2.61816172067914,2.61816172067914,7.70513164702115,6.123154669,0.537939241216102,2.61816172067914
"71",1.23831415706354,2.485103121,2.31007433432837,-0.396145137962907,2.31007433432837,-0.663514393148919,3.71242642705724,2.31007433432837,2.94821453631616,2.31007433432837,2.31007433432837,3.966792055,1.03871462837609,2.31007433432837,0.679024035118856,2.31007433432837,2.31007433432837,1.39812783446523,2.31007433432837,2.31007433432837,6.53174612803423,4.56263325,0.186409821732126,2.31007433432837
"72",1.45532037370165,3.034423209,2.51765384555652,1.47717800495419,2.51765384555652,0.834619479734965,2.63365669585561,2.51765384555652,1.19383850612172,2.51765384555652,2.51765384555652,5.127502424,1.2207423718084,2.51765384555652,1.0524771918138,2.51765384555652,2.51765384555652,2.08641094387961,2.51765384555652,2.51765384555652,5.0121785521443,4.978953324,0.262953969617513,2.51765384555652
"73",1.89132519266198,-0.239094058,1.41110152702599,1.9192723267477,1.41110152702599,-1.24753838753997,4.75732667545478,1.41110152702599,0.207022927075922,1.41110152702599,1.41110152702599,1.070362326,0.335969180735706,1.41110152702599,3.19090219635554,1.41110152702599,1.41110152702599,4.6387510279342,1.41110152702599,1.41110152702599,1.94169300534266,2.980063373,2.72880554184968,1.41110152702599
"74",-0.235240751574907,0.615638385,0.452579814256193,1.47359403214345,0.452579814256193,-0.0973713326716619,3.16077650263827,0.452579814256193,-1.34393468696412,0.452579814256193,0.452579814256193,-0.177503445,-0.925054407088704,0.452579814256193,0.0910534248954725,0.452579814256193,0.452579814256193,1.72927456182496,0.452579814256193,0.452579814256193,1.10445556610076,3.248333337,1.01756576451931,0.452579814256193
"75",-0.91400721798678,-0.270625848,-0.36112716561178,-0.79382233568093,-0.36112716561178,-0.884060018130711,2.00209806931692,-0.36112716561178,-1.53803891525438,-0.36112716561178,-0.36112716561178,-0.9226155,-1.06371925481233,-0.36112716561178,-1.10262608033597,-0.36112716561178,-0.36112716561178,0.385335744076801,-0.36112716561178,-0.36112716561178,-0.673296901160251,0.818105548,-0.0206801598097495,-0.36112716561178
"76",-0.417147701336524,0.138513655,-0.189654522976755,-0.579069963107961,-0.189654522976755,-0.826968203254955,0.881875760103017,-0.189654522976755,-0.791161011513376,-0.189654522976755,-0.189654522976755,-0.578579655,-1.30732760056945,-0.189654522976755,-0.558274043825804,-0.189654522976755,-0.189654522976755,0.301942323181893,-0.189654522976755,-0.189654522976755,-1.07180530148567,1.027071577,0.489932145490755,-0.189654522976755
"77",-0.154824639332445,0.53542285,0.393225961644677,0.289525480061025,0.393225961644677,4.28703684209423,1.33362964793993,0.393225961644677,-0.787105831610046,0.393225961644677,0.393225961644677,0.542251591,-0.810967124372347,0.393225961644677,-0.148135871745224,0.393225961644677,0.393225961644677,1.69263407257346,0.393225961644677,0.393225961644677,-1.83173545641565,3.343384507,0.532175489640498,0.393225961644677
"78",-0.543366388947946,-0.770603266,-0.292231289532203,-0.463465620011549,-0.292231289532203,-0.111931148506663,1.10940842972116,-0.292231289532203,-1.29505065336739,-0.292231289532203,-0.292231289532203,-0.366147116,-0.975664522361126,-0.292231289532203,-0.994063952846528,-0.292231289532203,-0.292231289532203,-0.368740523994575,-0.292231289532203,-0.292231289532203,-2.18218998125797,1.967617927,0.492748013700053,-0.292231289532203
"79",-0.712833951962231,-0.648013909,0.284686141209333,0.441154839256466,0.284686141209333,2.47594772085874,1.5291098159784,0.284686141209333,-1.53107706202665,0.284686141209333,0.284686141209333,-0.632764275,-1.05820133563761,0.284686141209333,-0.234605244026172,0.284686141209333,0.284686141209333,2.63375165637724,0.284686141209333,0.284686141209333,-1.1269113873137,3.261624499,1.85448160723677,0.284686141209333
"80",-0.139432108614308,-0.356459825,0.617721618221437,1.59396157371231,0.617721618221437,1.21323763536571,1.77108479658234,0.617721618221437,-1.06734284944961,0.617721618221437,0.617721618221437,-0.339471515,-1.06058115562764,0.617721618221437,-0.241636697186565,0.617721618221437,0.617721618221437,4.44471070413548,0.617721618221437,0.617721618221437,-0.642201685223933,5.721869431,2.1680316381151,0.617721618221437
"81",-0.17184342930118,-0.714904859,0.100002170976257,0.690459429258304,0.100002170976257,2.82472442471964,0.220791807845036,0.100002170976257,-1.67747354149865,0.100002170976257,0.100002170976257,-0.972343362,-1.20887429184499,0.100002170976257,-1.30029443515589,0.100002170976257,0.100002170976257,3.79140484471375,0.100002170976257,0.100002170976257,-0.813588785339414,3.17745972,1.07677921641444,0.100002170976257
"82",-0.302179879803031,-0.640275974,-0.328701927340883,-0.536664527805687,-0.328701927340883,1.43555865994708,0.0232545077261204,-0.328701927340883,-1.58527311109133,-0.328701927340883,-0.328701927340883,-1.110291911,-1.4623101808098,-0.328701927340883,-1.30600928837475,-0.328701927340883,-0.328701927340883,2.90830697390824,-0.328701927340883,-0.328701927340883,-1.51026293594536,1.935804559,-0.849178341980681,-0.328701927340883
"83",-0.409028003697315,-1.007935423,-0.617540652723552,-0.644947828522779,-0.617540652723552,0.943933003727656,-0.240222015915321,-0.617540652723552,-1.52442761847811,-0.617540652723552,-0.617540652723552,-1.498830958,-1.81881147515673,-0.617540652723552,-1.57587761275475,-0.617540652723552,-0.617540652723552,2.51210079178836,-0.617540652723552,-0.617540652723552,-1.59310125730025,0.579093695,-1.76514513589654,-0.617540652723552
"84",-1.07226165103309,-0.983947922,-0.620727742565089,-0.510267887817029,-0.620727742565089,0.00494950525587659,0.178009046921772,-0.620727742565089,-1.39482894459398,-0.620727742565089,-0.620727742565089,-1.049343086,-1.88466848784154,-0.620727742565089,-1.77722260403119,-0.620727742565089,-0.620727742565089,2.02729883803054,-0.620727742565089,-0.620727742565089,-1.46072952851842,0.839492151,-2.15290301562097,-0.620727742565089
"85",-0.561506845475357,-0.873214774,-0.322205749088128,-0.158298637964007,-0.322205749088128,1.27935783205463,-0.263983276397218,-0.322205749088128,-1.35661544025029,-0.322205749088128,-0.322205749088128,-0.687640946,-0.664559900159627,-0.322205749088128,-1.15914778663895,-0.322205749088128,-0.322205749088128,1.50835381038243,-0.322205749088128,-0.322205749088128,-1.14271190973519,1.034200147,-1.69668441704241,-0.322205749088128
"86",-0.227210368931955,-0.74097854,0.177346857596209,0.991919316431481,0.177346857596209,1.46741158036533,0.0587816078047814,0.177346857596209,-1.52746253870121,0.177346857596209,0.177346857596209,0.104371758,0.189785681143253,0.177346857596209,-1.04412000913224,0.177346857596209,0.177346857596209,1.89896242918051,0.177346857596209,0.177346857596209,-1.13013786064787,1.225263771,0.110695037716027,0.177346857596209
"87",-0.543975561227714,-0.640485149,-0.0048754003998203,0.703852745440084,-0.0048754003998203,2.64003071531187,-0.212183929384355,-0.0048754003998203,-1.6950661865167,-0.0048754003998203,-0.0048754003998203,-0.466143737,-0.210317867210395,-0.0048754003998203,-0.889729070002506,-0.0048754003998203,-0.0048754003998203,1.6358689647554,-0.0048754003998203,-0.0048754003998203,-1.52573687306915,2.078107718,0.643196526078659,-0.0048754003998203
"88",-0.313647180526444,-0.463364275,0.0409866778986565,0.564186868156057,0.0409866778986565,1.44239099969811,-0.301342651267128,0.0409866778986565,-1.3365896837114,0.0409866778986565,0.0409866778986565,-0.033360386,0.715911878164615,0.0409866778986565,-0.449102962203575,0.0409866778986565,0.0409866778986565,0.632934703553638,0.0409866778986565,0.0409866778986565,-1.049084172284,1.712448777,0.573326033695389,0.0409866778986565
"89",-0.418200725715083,-0.171480353,0.186491695655678,-0.162380424753978,0.186491695655678,2.86787003852161,0.0476478151908872,0.186491695655678,-1.46242120498329,0.186491695655678,0.186491695655678,-0.906872679,4.50252312594564,0.186491695655678,-0.784483250582166,0.186491695655678,0.186491695655678,1.45326747614562,0.186491695655678,0.186491695655678,-1.7103124347199,0.678295421,0.23223029123793,0.186491695655678
"90",-0.599827895758005,-0.353099988,-0.00963960910031678,-0.432451957195446,-0.00963960910031678,1.73948525030608,0.0127725413621847,-0.00963960910031678,-1.23560335228106,-0.00963960910031678,-0.00963960910031678,-1.299547683,3.79654977589276,-0.00963960910031678,-0.943718898089096,-0.00963960910031678,-0.00963960910031678,1.39123434492454,-0.00963960910031678,-0.00963960910031678,-1.19785004646578,0.51594966,0.0537483341777674,-0.00963960910031678
"91",-0.669768010566295,-0.555633554,-0.0846933695324966,-0.312172420893932,-0.0846933695324966,1.89297876800548,-0.852591164005523,-0.0846933695324966,-1.13321039224432,-0.0846933695324966,-0.0846933695324966,-1.476146944,1.92963276125708,-0.0846933695324966,-1.24748804631762,-0.0846933695324966,-0.0846933695324966,1.63149439136051,-0.0846933695324966,-0.0846933695324966,-0.908785460385494,0.942115107,0.100966069143539,-0.0846933695324966
"92",-0.841981596256907,-0.799804892,-0.676290565924571,-1.83382628018558,-0.676290565924571,0.0460665460871045,-1.84897499100922,-0.676290565924571,-1.48752765713351,-0.676290565924571,-0.676290565924571,-1.309023464,2.23120538624556,-0.676290565924571,-2.69294236951507,-0.676290565924571,-0.676290565924571,1.05099958291004,-0.676290565924571,-0.676290565924571,-1.04700894648011,-0.229621534,-0.900615840298951,-0.676290565924571
"93",-0.540395435999652,-1.347350916,-0.587794610272964,-1.47977028264999,-0.587794610272964,0.80861783890655,-2.34648800578927,-0.587794610272964,-1.30149847438621,-0.587794610272964,-0.587794610272964,-1.334565837,2.20892237776184,-0.587794610272964,-3.05739183553229,-0.587794610272964,-0.587794610272964,1.2546825058426,-0.587794610272964,-0.587794610272964,-0.853852409631762,0.092439324,-1.71813335059935,-0.587794610272964
"94",-0.330215316333646,-1.188639707,-0.526655571559276,-1.31228072126062,-0.526655571559276,-0.312383444267496,-1.73778278626307,-0.526655571559276,-1.12862240613826,-0.526655571559276,-0.526655571559276,-1.078186334,2.12670442871914,-0.526655571559276,-2.45548712888394,-0.526655571559276,-0.526655571559276,0.990561661206209,-0.526655571559276,-0.526655571559276,-0.326136163481951,0.283912437,-2.35012159350514,-0.526655571559276
"95",0.0547057105113256,-0.873718143,-0.537266268641566,-1.32249753044199,-0.537266268641566,-0.743509584997772,-0.788273661406628,-0.537266268641566,-0.940573642154173,-0.537266268641566,-0.537266268641566,-1.131279034,1.71196340013731,-0.537266268641566,-2.57253511380566,-0.537266268641566,-0.537266268641566,0.852606508397541,-0.537266268641566,-0.537266268641566,-0.134697821948818,-0.500690603,-2.22768102536237,-0.537266268641566
"96",-0.0730682513644631,-1.236913229,-0.801649410401544,-1.87660671703166,-0.801649410401544,-3.03983808992715,-0.843745459745435,-0.801649410401544,-0.719638257298174,-0.801649410401544,-0.801649410401544,-0.895956372,1.05629397892846,-0.801649410401544,-2.92825727484554,-0.801649410401544,-0.801649410401544,0.548136095795795,-0.801649410401544,-0.801649410401544,-0.225462230592425,-0.436511942,-2.53306162180797,-0.801649410401544
"97",0.296855271827255,-0.719989143,-0.537776089404296,-1.727091542788,-0.537776089404296,-2.37145907712675,-0.541583718780008,-0.537776089404296,-0.160712891571362,-0.537776089404296,-0.537776089404296,-0.806920364,0.67861923164501,-0.537776089404296,-3.31580602843048,-0.537776089404296,-0.537776089404296,1.32094573103002,-0.537776089404296,-0.537776089404296,0.0876322195210924,0.285199293,-2.39046224302587,-0.537776089404296
"98",-0.137984340185935,-1.051484071,-0.779257750151542,-1.77441999038158,-0.779257750151542,-3.78538054199806,-1.12699823805364,-0.779257750151542,-0.0724768210893326,-0.779257750151542,-0.779257750151542,-0.587288892,0.267928530536268,-0.779257750151542,-3.02320754520687,-0.779257750151542,-0.779257750151542,0.495538430876233,-0.779257750151542,-0.779257750151542,-0.0155505003112553,-0.750596884,-2.54317677059878,-0.779257750151542
"99",0.174766201226903,-0.158137506,-0.54472143639995,-1.90070611821894,-0.54472143639995,-4.53200821531444,-0.572642009603429,-0.54472143639995,0.314722276060567,-0.54472143639995,-0.54472143639995,-0.233014525,0.56064263181767,-0.54472143639995,-2.84352912633272,-0.54472143639995,-0.54472143639995,0.0100435526240878,-0.54472143639995,-0.54472143639995,0.633310336287203,-0.910515446,-2.45650785043809,-0.54472143639995
"100",3.46483735800431,0.87065298,0.252978500102136,-0.430197646003061,0.252978500102136,-4.86921234841387,0.394684233481438,0.252978500102136,1.10639235298088,0.252978500102136,0.252978500102136,0.344475343,0.897176964730177,0.252978500102136,-1.63896949892906,0.252978500102136,0.252978500102136,-0.216725496277067,0.252978500102136,0.252978500102136,1.09563877303888,-0.194994224,-2.11684110085528,0.252978500102136
"101",2.61678489957804,0.469832923,0.0182979638963167,-0.924443986041524,0.0182979638963167,-5.60766977261891,0.538636930764977,0.0182979638963167,0.0936516327417188,0.0182979638963167,0.0182979638963167,-0.018487364,0.969601072134723,0.0182979638963167,-1.71268280232476,0.0182979638963167,0.0182979638963167,-0.372397209937371,0.0182979638963167,0.0182979638963167,0.588983152474256,0.217553791,-2.54291188842675,0.0182979638963167
"102",2.0491552783391,0.533178291,-0.0659280103636753,-0.922748246766397,-0.0659280103636753,-7.44782004648265,0.548880181095673,-0.0659280103636753,0.69968546646106,-0.0659280103636753,-0.0659280103636753,0.057546769,0.942961454717924,-0.0659280103636753,-2.24140898787823,-0.0659280103636753,-0.0659280103636753,-0.632071064565719,-0.0659280103636753,-0.0659280103636753,0.348675365858465,-0.729968904,-2.61981877958403,-0.0659280103636753
"103",2.46892321630671,0.400642685,1.01260460335602,0.171616328589069,1.01260460335602,-6.29382189346601,0.925533084163417,1.01260460335602,2.20154965228275,1.01260460335602,1.01260460335602,1.470882718,2.59822454260228,1.01260460335602,-0.7489427179142,1.01260460335602,1.01260460335602,-0.715193344295685,1.01260460335602,1.01260460335602,1.77574112946831,0.172768698,-1.49454977902098,1.01260460335602
"104",2.26182176272163,0.020595669,1.4754797028078,1.30058709204009,1.4754797028078,-6.33207651209856,1.82590396117373,1.4754797028078,2.21301237451971,1.4754797028078,1.4754797028078,2.366845646,3.76871917347219,1.4754797028078,0.319107028715779,1.4754797028078,1.4754797028078,-0.46065048603691,1.4754797028078,1.4754797028078,2.29657402294932,0.879148102,-0.432723995146312,1.4754797028078
"105",1.37710775095762,-0.417997044,0.783795524132265,0.918359340323412,0.783795524132265,-5.92349011715749,0.121782692102805,0.783795524132265,1.08018158201897,0.783795524132265,0.783795524132265,1.264083464,2.52958399665039,0.783795524132265,-0.237382137911716,0.783795524132265,0.783795524132265,-0.868640872627158,0.783795524132265,0.783795524132265,1.36615072314121,0.21560603,-0.932170330550917,0.783795524132265
"106",0.550260404909837,-0.598009866,0.0739451973889086,-0.228961600227382,0.0739451973889086,-7.08184804263306,-0.684606461508987,0.0739451973889086,0.378912087960428,0.0739451973889086,0.0739451973889086,0.659241397,1.79096772024106,0.0739451973889086,-1.27966405321084,0.0739451973889086,0.0739451973889086,-1.41776168469319,0.0739451973889086,0.0739451973889086,0.784463638428293,-0.125275288,-1.17124787301629,0.0739451973889086
"107",0.477396029148913,-0.512876545,-0.076730206947918,-0.578618690232741,-0.076730206947918,-6.2748745401937,-0.95659256645819,-0.076730206947918,0.1110139451901,-0.076730206947918,-0.076730206947918,0.888865832,1.72599669195621,-0.076730206947918,-1.13964951363327,-0.076730206947918,-0.076730206947918,-1.49766083896344,-0.076730206947918,-0.076730206947918,0.409148643879826,-0.479024498,-1.52130675410979,-0.076730206947918
"108",0.399672116690244,-0.507797201,-0.403892423018252,-1.35872566070856,-0.403892423018252,-7.27288185394913,-1.48642432036935,-0.403892423018252,0.246193285697778,-0.403892423018252,-0.403892423018252,1.513756663,1.28830717000641,-0.403892423018252,-0.929900861472301,-0.403892423018252,-0.403892423018252,-1.21888395559819,-0.403892423018252,-0.403892423018252,-0.083537614455665,-0.174783688,-1.95374338494168,-0.403892423018252
"109",0.366820393230703,-0.177877585,-0.188836363397955,-0.359691434508238,-0.188836363397955,-5.84314694860117,-1.62651197132118,-0.188836363397955,0.424382228671646,-0.188836363397955,-0.188836363397955,1.164364497,1.20346646801408,-0.188836363397955,-1.17694922779574,-0.188836363397955,-0.188836363397955,-1.18978983267413,-0.188836363397955,-0.188836363397955,0.291511015588113,0.671799282,-1.89899347453533,-0.188836363397955
"110",0.359146425314505,-0.397289935,0.193146145521323,0.290803394357867,0.193146145521323,-5.44230712320053,-0.489071321182875,0.193146145521323,0.825258306762526,0.193146145521323,0.193146145521323,1.770773741,1.24540885187687,0.193146145521323,-0.434839379976854,0.193146145521323,0.193146145521323,-0.976066818284414,0.193146145521323,0.193146145521323,-0.134312580696809,0.789571697,-1.57989566967479,0.193146145521323
"111",0.191541184070309,0.158930207,-0.177803797298733,-0.362479222742888,-0.177803797298733,-5.46014101489513,-0.368628904128738,-0.177803797298733,0.0697220306737037,-0.177803797298733,-0.177803797298733,0.640268303,0.766223697405744,-0.177803797298733,-0.81409873184413,-0.177803797298733,-0.177803797298733,-1.05764080350838,-0.177803797298733,-0.177803797298733,-0.807508637248176,0.193446063,-1.52170200956007,-0.177803797298733
"112",1.06235379954938,0.113925886,0.264133239091232,-0.370461200866568,0.264133239091232,-6.10901467367183,0.303314498594827,0.264133239091232,1.76291694069216,0.264133239091232,0.264133239091232,1.309521568,1.00990944747363,0.264133239091232,-0.301290654770558,0.264133239091232,0.264133239091232,-1.17401653067869,0.264133239091232,0.264133239091232,-0.0349150240728099,0.592103006,-0.830424075872291,0.264133239091232
"113",1.21832177875949,1.022596418,0.664357380946176,0.779493032977398,0.664357380946176,-5.81594298166412,0.512487918355418,0.664357380946176,2.86073473327494,0.664357380946176,0.664357380946176,1.465586661,1.08261079801205,0.664357380946176,0.538114507153636,0.664357380946176,0.664357380946176,-1.01875399755876,0.664357380946176,0.664357380946176,1.00362037293049,0.990051115,-0.31943948448731,0.664357380946176
"114",1.104212025769,-0.553329435,0.609600061696724,0.639717660826935,0.609600061696724,-6.07956729977317,0.783579605835,0.609600061696724,1.76470971647795,0.609600061696724,0.609600061696724,1.848215732,1.10650167819662,0.609600061696724,0.325122548469323,0.609600061696724,0.609600061696724,-0.727666634712886,0.609600061696724,0.609600061696724,0.623014452525422,2.003365964,-0.579360036773236,0.609600061696724
"115",1.44398218563037,0.490671876,1.16876514822639,0.971027153729985,1.16876514822639,-5.29474522524981,1.99234079561867,1.16876514822639,2.88884336916196,1.16876514822639,1.16876514822639,1.952144477,0.994744520402343,1.16876514822639,1.29218090397463,1.16876514822639,1.16876514822639,-0.672264316940741,1.16876514822639,1.16876514822639,1.79631581434462,2.698351503,0.0164855592948056,1.16876514822639
"116",2.36107212073627,-0.138643477,1.4526686614142,1.89483616724693,1.4526686614142,-6.02946938964336,2.52347647653044,1.4526686614142,2.42715478637102,1.4526686614142,1.4526686614142,1.915782095,1.99178438059528,1.4526686614142,1.52152758168161,1.4526686614142,1.4526686614142,-0.467900730181534,1.4526686614142,1.4526686614142,1.80411729515181,3.51087931,0.456743667495599,1.4526686614142
"117",1.26000428931184,0.167353599,0.67036901942523,0.510672891299976,0.67036901942523,-6.37418750651705,1.3350281231975,0.67036901942523,0.251582006584147,0.67036901942523,0.67036901942523,1.141075503,1.50472423750458,0.67036901942523,0.721848669698608,0.67036901942523,0.67036901942523,-0.80371202577037,0.67036901942523,0.67036901942523,1.04564886862137,1.84918268,-0.779317966162969,0.67036901942523
"118",0.840970271344936,-0.517884142,0.61339589375624,0.170821016779319,0.61339589375624,-5.75024290247399,0.817988299346085,0.61339589375624,0.421881787647702,0.61339589375624,0.61339589375624,1.386097242,1.3765741610778,0.61339589375624,1.08540227697166,0.61339589375624,0.61339589375624,-0.99778847416599,0.61339589375624,0.61339589375624,1.21194936824574,1.408382973,-0.717239391325435,0.61339589375624
"119",1.55932329058561,1.070750898,2.15981634290861,1.97175287404271,2.15981634290861,-4.81599298943325,2.04045305769856,2.15981634290861,2.83159852361428,2.15981634290861,2.15981634290861,4.034965364,2.97005521565439,2.15981634290861,2.87979458148608,2.15981634290861,2.15981634290861,-0.924653189861936,2.15981634290861,2.15981634290861,3.61195492329577,2.587494586,0.577646664103123,2.15981634290861
"120",0.962752489591805,0.310015932,1.81099373281009,2.11990877836839,1.81099373281009,-5.97988717664794,2.17655518055579,1.81099373281009,2.26927798547917,1.81099373281009,1.81099373281009,4.359607419,2.90630816555014,1.81099373281009,3.28276795066117,1.81099373281009,1.81099373281009,-1.73465053167956,1.81099373281009,1.81099373281009,3.9242356309112,3.224547502,0.722247488422466,1.81099373281009
"121",0.512002254821025,-0.111746368,1.0867914751406,2.17447699132303,1.0867914751406,-5.5939561269639,1.64497540656098,1.0867914751406,1.07238379969951,1.0867914751406,1.0867914751406,3.202153594,1.85567943414895,1.0867914751406,2.58844207741626,1.0867914751406,1.0867914751406,-1.93691878052239,1.0867914751406,1.0867914751406,3.33837233519428,1.945059534,0.341908645036575,1.0867914751406
"122",-0.0626002948579739,-1.816860848,-0.408252462368508,0.541604258108443,-0.408252462368508,-6.62239471517706,-0.00917877328687533,-0.408252462368508,0.108776536841173,-0.408252462368508,-0.408252462368508,0.014950433,0.705315539753869,-0.408252462368508,0.688974605174199,-0.408252462368508,-0.408252462368508,-2.07972370283959,-0.408252462368508,-0.408252462368508,1.13233683965664,1.089464956,-1.01884353842919,-0.408252462368508
"123",-1.05316281754902,-2.54907734,-0.830953718879773,0.244976840660387,-0.830953718879773,-5.8059005093961,-0.580498880081114,-0.830953718879773,-0.398176897104035,-0.830953718879773,-0.830953718879773,-0.220858517,0.62309215263875,-0.830953718879773,-0.079149525023172,-0.830953718879773,-0.830953718879773,-1.97353457442102,-0.830953718879773,-0.830953718879773,0.261373976558597,0.279396372,-0.772375313755975,-0.830953718879773
"124",-1.59967677155358,-3.620246125,-1.65907055952839,-1.14860254879578,-1.65907055952839,-7.03015231164126,-0.828495836831202,-1.65907055952839,-1.35729342886396,-1.65907055952839,-1.65907055952839,-0.746827315,0.0324492587677957,-1.65907055952839,-1.38885285941565,-1.65907055952839,-1.65907055952839,-2.39911929433464,-1.65907055952839,-1.65907055952839,-0.672368424520017,-0.831805398,-1.44669719108255,-1.65907055952839
"125",-1.84438414934471,-3.364030783,-1.6755207964301,-1.34247159598311,-1.6755207964301,-6.94819346864252,-1.45925593455213,-1.6755207964301,-1.18169719441846,-1.6755207964301,-1.6755207964301,-0.716651988,-0.416821824683828,-1.6755207964301,-1.56959579765176,-1.6755207964301,-1.6755207964301,-2.38262284990424,-1.6755207964301,-1.6755207964301,-0.919314717926193,-1.018523103,-1.51233283250399,-1.6755207964301
"126",-1.8203475919543,-2.652923838,-1.49522584446901,-1.07000262512886,-1.49522584446901,-6.8510363882577,-0.986756079161044,-1.49522584446901,-1.21464555136978,-1.49522584446901,-1.49522584446901,-0.69220339,-0.366012486725144,-1.49522584446901,-0.972787296226791,-1.49522584446901,-1.49522584446901,-2.9679963539311,-1.49522584446901,-1.49522584446901,-0.689790949198721,-1.381012805,-1.39819067953013,-1.49522584446901
"127",-2.13201939137133,-2.679856443,-1.89577735798433,-1.46188058399443,-1.89577735798433,-6.22505397256449,-0.74464656608026,-1.89577735798433,-1.71145618885389,-1.89577735798433,-1.89577735798433,-1.54444722,-0.674439911266901,-1.89577735798433,-1.17960622849934,-1.89577735798433,-1.89577735798433,-2.59331064653831,-1.89577735798433,-1.89577735798433,-1.02365179655347,-1.934191581,-1.8059479689395,-1.89577735798433
"128",-2.49185852484807,-3.846015719,-2.56939930613938,-2.20527697583552,-2.56939930613938,-8.24985148859881,-0.961649713194392,-2.56939930613938,-2.20474272874583,-2.56939930613938,-2.56939930613938,-1.51912949,-1.34029444800826,-2.56939930613938,-1.54065020610971,-2.56939930613938,-2.56939930613938,-3.16043226208805,-2.56939930613938,-2.56939930613938,-1.67747430477769,-2.436041295,-2.20309421248312,-2.56939930613938
"129",-2.75132633709476,-3.197530638,-2.9030443411307,-1.97711755007424,-2.9030443411307,-9.80499068590392,-1.62562295101125,-2.9030443411307,-2.3695963315707,-2.9030443411307,-2.9030443411307,-1.272524996,-1.51481442893122,-2.9030443411307,-2.08098888480061,-2.9030443411307,-2.9030443411307,-3.3683983855175,-2.9030443411307,-2.9030443411307,-2.24762464628666,-2.503627422,-2.50689221385348,-2.9030443411307
"130",-2.41763914556379,-2.389190589,-2.72394013578757,-1.61555188856228,-2.72394013578757,-9.77239706430761,-1.73204805658813,-2.72394013578757,-2.15016373798753,-2.72394013578757,-2.72394013578757,-1.59036175,-1.83304868174427,-2.72394013578757,-2.00076842685945,-2.72394013578757,-2.72394013578757,-2.85521891926894,-2.72394013578757,-2.72394013578757,-2.14488612653349,-2.521001633,-2.30245085463131,-2.72394013578757
"131",-2.44092816545398,-1.999053599,-3.06092180190724,-1.65955662190216,-3.06092180190724,-9.62636698499973,-2.82611340029769,-3.06092180190724,-3.20014340570977,-3.06092180190724,-3.06092180190724,-1.61134673,-2.29371931494303,-3.06092180190724,-2.30331963298355,-3.06092180190724,-3.06092180190724,-2.83051426456942,-3.06092180190724,-3.06092180190724,-2.65951775239136,-3.074832311,-2.75127643076883,-3.06092180190724
"132",-2.18414978668756,-1.699020478,-3.06182385935882,-1.84470243930412,-3.06182385935882,-11.1297182652746,-2.9366844524849,-3.06182385935882,-2.295955805062,-3.06182385935882,-3.06182385935882,-2.119742917,-2.39740679009869,-3.06182385935882,-2.04205761922846,-3.06182385935882,-3.06182385935882,-2.68530227791732,-3.06182385935882,-3.06182385935882,-2.52925385805171,-3.001209487,-2.48755289008223,-3.06182385935882
"133",-2.77793762096067,-2.329976233,-3.42947715425193,-2.7985728963953,-3.42947715425193,-12.3143455025319,-2.65862308812731,-3.42947715425193,-2.4669397979555,-3.42947715425193,-3.42947715425193,-2.356227949,-2.63249232282558,-3.42947715425193,-2.33936306540783,-3.42947715425193,-3.42947715425193,-3.03584091221426,-3.42947715425193,-3.42947715425193,-2.89439200293498,-3.295756694,-2.93076729040885,-3.42947715425193
"134",-3.53465274026499,-2.381510969,-3.2266213123736,-3.1760103928963,-3.2266213123736,-12.158630768727,-2.03424085794812,-3.2266213123736,-2.4367795258216,-3.2266213123736,-3.2266213123736,-2.016541396,-2.39820375108298,-3.2266213123736,-2.04987580452272,-3.2266213123736,-3.2266213123736,-3.09959573766749,-3.2266213123736,-3.2266213123736,-2.33043703296487,-2.893660736,-2.65277089305163,-3.2266213123736
"135",-3.65961829529197,-2.402956558,-3.1740952337445,-2.94042549638983,-3.1740952337445,-11.4716090084383,-1.49734746578683,-3.1740952337445,-2.00373918339294,-3.1740952337445,-3.1740952337445,-2.325225996,-2.50087026926147,-3.1740952337445,-1.80334736291555,-3.1740952337445,-3.1740952337445,-2.69045710858579,-3.1740952337445,-3.1740952337445,-2.59628405392885,-2.559787939,-2.51857917068019,-3.1740952337445
"136",-3.51478888735847,-3.375884105,-3.50849168588421,-3.26471031012309,-3.50849168588421,-11.7100636022219,-1.94431915854797,-3.50849168588421,-2.45753262418031,-3.50849168588421,-3.50849168588421,-2.567348607,-2.9231207987826,-3.50849168588421,-1.85018826324799,-3.50849168588421,-3.50849168588421,-2.9590468077433,-3.50849168588421,-3.50849168588421,-3.26689273593349,-2.778490043,-2.62060002137793,-3.50849168588421
"137",-3.23278763473477,-3.417856457,-3.26199308822706,-2.55668017214995,-3.26199308822706,-9.96546780466226,-2.20466068608903,-3.26199308822706,-2.37871334644659,-3.26199308822706,-3.26199308822706,-1.95596345,-2.76619287443235,-3.26199308822706,-1.72853398266179,-3.26199308822706,-3.26199308822706,-2.80741783933936,-3.26199308822706,-3.26199308822706,-2.72774289015665,-2.853561084,-2.47118549119702,-3.26199308822706
"138",-2.6620067232514,-3.592008602,-2.99937208740642,-2.15357968555869,-2.99937208740642,-9.76781807501476,-2.068134912936,-2.99937208740642,-2.59605965015344,-2.99937208740642,-2.99937208740642,-1.376509442,-2.45255883526794,-2.99937208740642,-1.5669856389817,-2.99937208740642,-2.99937208740642,-2.85616166104115,-2.99937208740642,-2.99937208740642,-2.4637534705645,-2.844533606,-2.26942740260197,-2.99937208740642
"139",-1.05881111028479,-2.171834508,-1.32562888425274,-0.372726903781267,-1.32562888425274,-7.72388872519301,0.0381240937949387,-1.32562888425274,-0.47103748370087,-1.32562888425274,-1.32562888425274,0.350751814,-0.611569548291314,-1.32562888425274,0.051500229396434,-1.32562888425274,-1.32562888425274,-2.2588869621064,-1.32562888425274,-1.32562888425274,-0.0935440562572924,-2.17404213,-0.694179371695286,-1.32562888425274
"140",0.198336244055509,-0.623203413,-0.242641992081374,1.10308782125689,-0.242641992081374,-6.22696377655161,0.864488087762888,-0.242641992081374,0.344525734933434,-0.242641992081374,-0.242641992081374,2.188183935,0.140321135222079,-0.242641992081374,1.05510961020234,-0.242641992081374,-0.242641992081374,-2.60884578587143,-0.242641992081374,-0.242641992081374,1.13402096774407,-0.51165625,0.606996284962265,-0.242641992081374
"141",2.09630107750064,2.576493418,1.3826494053895,2.99712375952778,1.3826494053895,-4.06456355549652,2.63063615257586,1.3826494053895,1.57533465786075,1.3826494053895,1.3826494053895,3.535531685,1.32413789934569,1.3826494053895,2.90840519113444,1.3826494053895,1.3826494053895,-2.00913430459377,1.3826494053895,1.3826494053895,2.95056178023763,1.860251281,2.0444541464783,1.3826494053895
"142",2.26919058171529,3.412565018,1.65457886933373,3.03244074684726,1.65457886933373,-3.26168732228962,1.27466184950163,1.65457886933373,0.454815810394939,1.65457886933373,1.65457886933373,3.532244494,0.965903380052758,1.65457886933373,3.17416530919981,1.65457886933373,1.65457886933373,-0.286675125860567,1.65457886933373,1.65457886933373,2.83672662045837,1.822321799,2.70866753539651,1.65457886933373
"143",4.13653527575102,6.279840283,3.48026779801345,4.70184463949591,3.48026779801345,-0.63005120487999,3.47528325375728,3.48026779801345,3.61657157928657,3.48026779801345,3.48026779801345,4.562900294,2.01870269731115,3.48026779801345,4.23297425294277,3.48026779801345,3.48026779801345,2.36049412441328,3.48026779801345,3.48026779801345,4.65403326393212,3.574616101,3.91600354384676,3.48026779801345
"144",15.1708774132666,14.85438197,11.3770303823684,16.2410761668474,11.3770303823684,2.3065603767548,11.1057249519434,11.3770303823684,14.3194275079128,11.3770303823684,11.3770303823684,13.05439378,9.04221515650046,11.3770303823684,11.0953494987046,11.3770303823684,11.3770303823684,7.3931819862092,11.3770303823684,11.3770303823684,11.654972564483,11.24656899,11.5864238709737,11.3770303823684
"145",9.82740338467692,9.565058949,7.6816411594602,10.5316707804891,7.6816411594602,2.32979438504618,7.77456202451705,7.6816411594602,9.66370052262492,7.6816411594602,7.6816411594602,10.33354078,7.13095717927492,7.6816411594602,8.31476859953943,7.6816411594602,7.6816411594602,4.51699163764364,7.6816411594602,7.6816411594602,7.736183669703,5.960912154,9.23224815898388,7.6816411594602
"146",4.9596762024568,3.140828943,3.30293854606404,3.85898765055099,3.30293854606404,1.38605472704263,3.31988600930824,3.30293854606404,4.14319466888052,3.30293854606404,3.30293854606404,5.193267346,3.50120255357018,3.30293854606404,4.35001791037112,3.30293854606404,3.30293854606404,0.973895269412356,3.30293854606404,3.30293854606404,3.41530999773182,2.659935672,4.58673246002493,3.30293854606404
"147",1.70413492384986,-1.680379852,1.06906949038129,0.826150740757424,1.06906949038129,1.45918237161759,1.84728571373865,1.06906949038129,1.59246352942087,1.06906949038129,1.06906949038129,1.666300087,1.15751451295019,1.06906949038129,2.42893473314383,1.06906949038129,1.06906949038129,0.64067951349402,1.06906949038129,1.06906949038129,1.08234681926138,0.843401833,1.93498125466053,1.06906949038129
"148",0.829450006984883,-2.187050015,-0.254841936057016,-0.765939521169034,-0.254841936057016,1.53406675219358,0.590996127842096,-0.254841936057016,-0.501376207143216,-0.254841936057016,-0.254841936057016,-0.551809201,-0.0317895698174832,-0.254841936057016,0.713306478029111,-0.254841936057016,-0.254841936057016,-0.39620617273746,-0.254841936057016,-0.254841936057016,0.886088860718402,-1.169754718,0.539944224283055,-0.254841936057016
"149",-0.535465961641024,-0.25288162,-0.483816858560434,-0.659801274313234,-0.483816858560434,2.54346513690496,-0.832042641222922,-0.483816858560434,-0.40754088851607,-0.483816858560434,-0.483816858560434,-1.005411227,-0.558025167339817,-0.483816858560434,0.781005674749096,-0.483816858560434,-0.483816858560434,0.200265147197377,-0.483816858560434,-0.483816858560434,-0.43953711962279,-2.106545159,0.721742651823336,-0.483816858560434
"150",0.831729236942734,2.6475469,0.657695154462334,0.159007847003994,0.657695154462334,3.01101814802432,0.652515539658758,0.657695154462334,1.22551717880292,0.657695154462334,0.657695154462334,0.367365913,-0.0792521740519127,0.657695154462334,1.98071943294279,0.657695154462334,0.657695154462334,0.291611393321416,0.657695154462334,0.657695154462334,1.31199220856114,-0.824965753,2.15365498744558,0.657695154462334
"151",0.0241382412776042,1.362798467,0.0516645710593028,0.467420684911593,0.0516645710593028,3.59692099673436,0.94651631797418,0.0516645710593028,0.432928623931609,0.0516645710593028,0.0516645710593028,0.306968798,-0.425027385195889,0.0516645710593028,1.54586367838019,0.0516645710593028,0.0516645710593028,-0.458464308901059,0.0516645710593028,0.0516645710593028,0.648124923123869,-1.599796932,1.46013936795806,0.0516645710593028
"152",-0.538298158799558,-0.587287624,-0.688152029662647,-0.3737174077858,-0.688152029662647,3.1764299799735,-0.196084928323243,-0.688152029662647,-1.06627241395585,-0.688152029662647,-0.688152029662647,-0.490633089,-0.995289046144206,-0.688152029662647,0.462841761727688,-0.688152029662647,-0.688152029662647,-1.4126617311552,-0.688152029662647,-0.688152029662647,-0.510617631997469,-2.018690977,0.922790234353994,-0.688152029662647
"153",-1.07494739861644,-0.267728499,-0.578625481349354,-1.33704506058019,-0.578625481349354,3.68630900509091,-0.273312376422665,-0.578625481349354,-1.1785677074722,-0.578625481349354,-0.578625481349354,-0.348196291,-1.25622995169658,-0.578625481349354,0.3085141927717,-0.578625481349354,-0.578625481349354,-1.46633331504167,-0.578625481349354,-0.578625481349354,-0.465462783235258,-1.573156917,-0.0602575077384258,-0.578625481349354
"154",-0.797628158177449,0.10668341,-0.272830205043026,-0.224289964171203,-0.272830205043026,4.20979768416593,0.050460591709797,-0.272830205043026,-0.229045375579862,-0.272830205043026,-0.272830205043026,-0.758758725,-1.39884029104903,-0.272830205043026,0.4717661164742,-0.272830205043026,-0.272830205043026,-0.452849417839298,-0.272830205043026,-0.272830205043026,-0.211742007647389,-1.306018616,0.911846697042924,-0.272830205043026
"155",1.56084293337975,3.027202296,1.99901438669397,1.60618812875091,1.99901438669397,5.67928882610847,1.09332206755226,1.99901438669397,1.75296289269022,1.99901438669397,1.99901438669397,1.981991412,0.0840795826183858,1.99901438669397,4.11876899593879,1.99901438669397,1.99901438669397,1.07794244756764,1.99901438669397,1.99901438669397,2.50187064659617,0.558190379,4.62204224204809,1.99901438669397
"156",1.54127187599442,3.509267843,2.41026988621118,2.62973077280527,2.41026988621118,6.40689218244168,1.18615904782721,2.41026988621118,2.36006467034141,2.41026988621118,2.41026988621118,1.390595125,0.445275677948412,2.41026988621118,4.65619990771133,2.41026988621118,2.41026988621118,1.6028037450661,2.41026988621118,2.41026988621118,1.24946959785392,1.541072033,5.94280901184843,2.41026988621118
"157",-0.686846741154604,1.622248339,0.374955511720586,0.356647725503424,0.374955511720586,6.42344203725972,-1.96769471752663,0.374955511720586,0.0850537019036428,0.374955511720586,0.374955511720586,-1.014954352,-1.36740744650773,0.374955511720586,1.96363087333193,0.374955511720586,0.374955511720586,1.24956385304336,0.374955511720586,0.374955511720586,-0.532879464771989,-0.459030861,3.95536830652929,0.374955511720586
"158",-0.795822837181311,2.512395697,0.872801646312616,1.40668325236804,0.872801646312616,8.356531801955,0.449151901435111,0.872801646312616,0.825100032378792,0.872801646312616,0.872801646312616,-0.800605076,-1.61335485254831,0.872801646312616,2.43970627468281,0.872801646312616,0.872801646312616,2.54788275346764,0.872801646312616,0.872801646312616,0.0398990145456045,-0.444710844,3.90553952356285,0.872801646312616
"159",-2.2051111165445,0.782276964,-0.4689875079206,-1.1457645067791,-0.4689875079206,7.61408586533511,-0.294989200045752,-0.4689875079206,-1.11927952863703,-0.4689875079206,-0.4689875079206,-1.820073615,-2.17964943977057,-0.4689875079206,0.150677330046691,-0.4689875079206,-0.4689875079206,1.74022172404323,-0.4689875079206,-0.4689875079206,-1.651324008221,-1.473112854,1.39651283985129,-0.4689875079206
"160",-2.77520668515159,-0.094906961,-0.76388727932052,-1.1868548930226,-0.76388727932052,9.40427973909599,-2.15979916951249,-0.76388727932052,-0.835495213178503,-0.76388727932052,-0.76388727932052,-1.865368052,-2.78117086950977,-0.76388727932052,-0.116976982434848,-0.76388727932052,-0.76388727932052,1.92559539125754,-0.76388727932052,-0.76388727932052,-1.58064198092107,-1.859760342,0.46273738129194,-0.76388727932052
"161",-2.81730355065257,-0.563384664,-1.26738738438165,-1.9058496392496,-1.26738738438165,8.60595408065928,-3.88590726207871,-1.26738738438165,-1.46624107379754,-1.26738738438165,-1.26738738438165,-2.918973327,-2.74886286415589,-1.26738738438165,-0.550280005586066,-1.26738738438165,-1.26738738438165,1.44885548975544,-1.26738738438165,-1.26738738438165,-2.08889325942802,-2.628366437,-0.297693184394521,-1.26738738438165
"162",-2.3415162973257,0.358313407,-0.844656832620571,-1.29875152263761,-0.844656832620571,7.59388331153775,-3.78672006378272,-0.844656832620571,-0.813277730489518,-0.844656832620571,-0.844656832620571,-2.311555683,-2.09136897418131,-0.844656832620571,-0.475471728850644,-0.844656832620571,-0.844656832620571,1.08439451208944,-0.844656832620571,-0.844656832620571,-2.02300736238871,-2.131256048,-0.515392217253087,-0.844656832620571
"163",-2.28904998528738,-0.147792199,-0.780780924290702,-1.5380873588937,-0.780780924290702,5.72287205424643,-2.77295803005726,-0.780780924290702,-1.34226475912538,-0.780780924290702,-0.780780924290702,-2.15280269,-2.25969578488199,-0.780780924290702,-0.539580458768961,-0.780780924290702,-0.780780924290702,0.606997048979659,-0.780780924290702,-0.780780924290702,-1.61692376902553,-2.307308487,-0.656015480293147,-0.780780924290702
"164",-2.79157847634229,-0.467563313,-1.11775013841105,-1.73869976927249,-1.11775013841105,5.03008357300989,-2.71993053983525,-1.11775013841105,-1.40091599770987,-1.11775013841105,-1.11775013841105,-2.776726773,-2.5042415954633,-1.11775013841105,-1.1784146093235,-1.11775013841105,-1.11775013841105,1.08916775242684,-1.11775013841105,-1.11775013841105,-1.79921311530945,-2.867296622,-0.915645748503023,-1.11775013841105
"165",-2.88754996682719,-0.061479197,-1.1223777293895,-1.91167856805375,-1.1223777293895,4.31693301971338,-1.41974478914842,-1.1223777293895,-1.26690630709496,-1.1223777293895,-1.1223777293895,-2.372875844,-2.57671721392967,-1.1223777293895,-0.619476115273717,-1.1223777293895,-1.1223777293895,0.47509075560466,-1.1223777293895,-1.1223777293895,-2.18343169705246,-2.773306346,-0.900215865457724,-1.1223777293895
"166",-3.3629773924814,-0.381657488,-1.67349026357486,-1.97570828877037,-1.67349026357486,3.76583142771056,-2.4883158555278,-1.67349026357486,-2.24061384812976,-1.67349026357486,-1.67349026357486,-3.168042704,-3.07688442065919,-1.67349026357486,-0.978359482237215,-1.67349026357486,-1.67349026357486,0.359354428268255,-1.67349026357486,-1.67349026357486,-2.13580534055915,-3.267502715,-0.829746988382737,-1.67349026357486
"167",-2.81774654938891,0.162623773,-1.25557928813701,-1.49120644532538,-1.25557928813701,3.99566434242778,-2.03422824258376,-1.25557928813701,-1.17004820276742,-1.25557928813701,-1.25557928813701,-3.10808325,-2.77097719169421,-1.25557928813701,-0.296614206182137,-1.25557928813701,-1.25557928813701,1.13462932304492,-1.25557928813701,-1.25557928813701,-2.3618646303152,-2.438526093,-0.439598878665244,-1.25557928813701
"168",-1.68949691560733,0.695224878,-0.511884431413068,-0.637919583218848,-0.511884431413068,5.2651024653987,-2.05276089887875,-0.511884431413068,0.552753035651195,-0.511884431413068,-0.511884431413068,-2.280290244,-2.12345053427579,-0.511884431413068,0.343964694537887,-0.511884431413068,-0.511884431413068,1.32499791900696,-0.511884431413068,-0.511884431413068,-1.68505550660438,-2.130566784,0.28724504075876,-0.511884431413068
"169",-1.55714969833194,0.476190088,-0.26396403812831,-0.118902737535009,-0.26396403812831,3.60504524080184,-2.20352726235578,-0.26396403812831,0.98121791142598,-0.26396403812831,-0.26396403812831,-1.421797612,-1.64472862875518,-0.26396403812831,-0.207456865329973,-0.26396403812831,-0.26396403812831,1.44222331525213,-0.26396403812831,-0.26396403812831,-0.206955510153296,-1.64949255,-0.311117983329749,-0.26396403812831
"170",-1.86235346196107,1.754783711,-0.537641993563732,-1.30138702699628,-0.537641993563732,3.6272125344025,-2.19186351280204,-0.537641993563732,-0.0458962818834847,-0.537641993563732,-0.537641993563732,-1.787570899,-1.92571288898195,-0.537641993563732,0.102322650363969,-0.537641993563732,-0.537641993563732,0.247681083505195,-0.537641993563732,-0.537641993563732,-1.02442242824548,-2.478751857,-0.395404006109338,-0.537641993563732
"171",-1.07098878090766,2.785858812,0.553585982120257,0.250547906259855,0.553585982120257,4.63399446500987,-0.494686654122579,0.553585982120257,2.01868073902276,0.553585982120257,0.553585982120257,-0.728758373,-1.34652408563986,0.553585982120257,1.29122981159996,0.553585982120257,0.553585982120257,1.18493707018616,0.553585982120257,0.553585982120257,-0.404664864432468,-1.900918113,0.470239325369395,0.553585982120257
"172",-1.73414202977982,2.462906076,0.115846526088174,-0.442700866735327,0.115846526088174,3.14527996722342,-0.290706035906555,0.115846526088174,1.38047135383753,0.115846526088174,0.115846526088174,-1.082541015,-1.55561252185605,0.115846526088174,0.952180364248053,0.115846526088174,0.115846526088174,0.918658377607613,0.115846526088174,0.115846526088174,-0.923737542941634,-1.489049924,0.459019078402861,0.115846526088174
"173",-1.15403665,2.040254794,0.371628442761905,0.47186925,0.371628442761905,2.5880695,1.37627325,0.371628442761905,0.98173155,0.371628442761905,0.371628442761905,-0.179230327,-1.2233496,0.371628442761905,1.38670895,0.371628442761905,0.371628442761905,1.4245548,0.371628442761905,0.371628442761905,0.00885845,-1.19880293,1.2908202,0.371628442761905
"174",-2.4075768,1.077323145,-0.578116608761905,-0.95191395,-0.578116608761905,1.5970443,1.18412305,-0.578116608761905,-0.87171015,-0.578116608761905,-0.578116608761905,-1.159061178,-1.8328021,-0.578116608761905,0.5895615,-0.578116608761905,-0.578116608761905,0.2837969,-0.578116608761905,-0.578116608761905,-1.0718569,-1.680747897,0.17348625,-0.578116608761905
"175",-2.8628585,0.580735031,-0.930199180238095,-1.09404055,-0.930199180238095,1.61253625,0.7739299,-0.930199180238095,-1.06301825,-0.930199180238095,-0.930199180238095,-1.577141266,-2.40709885,-0.930199180238095,0.17259545,-0.930199180238095,-0.930199180238095,0.00077375,-0.930199180238095,-0.930199180238095,-0.9732625,-1.87081438,0.007352,-0.930199180238095
"176",-2.5216246,-0.062700119,-1.32500696595238,-0.9302917,-1.32500696595238,1.87660015,-2.38362795,-1.32500696595238,-3.145327,-1.32500696595238,-1.32500696595238,-1.459784416,-2.16298365,-1.32500696595238,-2.57596095,-1.32500696595238,-1.32500696595238,0.7958543,-1.32500696595238,-1.32500696595238,-1.05195695,-2.64284838,-0.0870170500000005,-1.32500696595238
